Source IP, Source Port, Destination IP, Destination Port, Protocol, Flow Duration, Flow Bytes/s, Flow Packets/s, Flow IAT Mean, Flow IAT Std, Flow IAT Max, Flow IAT Min,Fwd IAT Mean, Fwd IAT Std, Fwd IAT Max, Fwd IAT Min,Bwd IAT Mean, Bwd IAT Std, Bwd IAT Max, Bwd IAT Min,Active Mean, Active Std, Active Max, Active Min,Idle Mean, Idle Std, Idle Max, Idle Min,label
10.0.2.15,53913,216.58.208.46,80,6,435,0,4597.7011494253,435,0,435,435,0,0,0,0,0,0,0,0,0,0,0,0,0,0,0,0,nonTOR
10.0.2.15,53913,216.58.208.46,80,6,259,0,7722.0077220077,259,0,259,259,0,0,0,0,0,0,0,0,0,0,0,0,0,0,0,0,nonTOR
10.0.2.15,53913,216.58.208.46,80,6,891,0,2244.6689113356,891,0,891,891,0,0,0,0,0,0,0,0,0,0,0,0,0,0,0,0,nonTOR
10.0.2.15,53913,216.58.208.46,80,6,1074,0,1862.1973929237,1074,0,1074,1074,0,0,0,0,0,0,0,0,0,0,0,0,0,0,0,0,nonTOR
10.0.2.15,53913,216.58.208.46,80,6,315,0,6349.2063492064,315,0,315,315,0,0,0,0,0,0,0,0,0,0,0,0,0,0,0,0,nonTOR
10.0.2.15,53913,216.58.208.46,80,6,4841,0,413.1377814501,4841,0,4841,4841,0,0,0,0,0,0,0,0,0,0,0,0,0,0,0,0,nonTOR
10.0.2.15,53913,216.58.208.46,80,6,581,0,3442.3407917384,581,0,581,581,0,0,0,0,0,0,0,0,0,0,0,0,0,0,0,0,nonTOR
10.0.2.15,53913,216.58.208.46,80,6,906,0,2207.5055187638,906,0,906,906,0,0,0,0,0,0,0,0,0,0,0,0,0,0,0,0,nonTOR
10.0.2.15,53913,216.58.208.46,80,6,401,0,4987.5311720698,401,0,401,401,0,0,0,0,0,0,0,0,0,0,0,0,0,0,0,0,nonTOR
10.0.2.15,53913,216.58.208.46,80,6,760,0,2631.5789473684,760,0,760,760,0,0,0,0,0,0,0,0,0,0,0,0,0,0,0,0,nonTOR
10.0.2.15,53913,216.58.208.46,80,6,4832236,0,0.6208306051,2416118,3416355.30060443,4831846,390,4832236,0,4832236,4832236,0,0,0,0,0,0,0,0,0,0,0,0,nonTOR
10.0.2.15,55727,204.83.155.169,32620,6,51872,0,57.8346699568,25936,36488.1241227882,51737,135,0,0,0,0,51737,0,51737,51737,0,0,0,0,0,0,0,0,nonTOR
10.0.2.15,51716,108.237.134.2,443,6,3002774,0,0.9990761876,1501387,709519.429523956,2003093,999681,1501387,709519.429523956,2003093,999681,0,0,0,0,0,0,0,0,0,0,0,0,nonTOR
10.0.2.15,60362,99.242.236.70,38938,6,1001604,0,1.9967971374,1001604,0,1001604,1001604,1001604,0,1001604,1001604,0,0,0,0,0,0,0,0,0,0,0,0,nonTOR
10.0.2.15,39805,108.237.134.2,7124,6,3001276,0,0.9995748475,1500638,712178.151021217,2004224,997052,1500638,712178.151021217,2004224,997052,0,0,0,0,0,0,0,0,0,0,0,0,nonTOR
10.0.2.15,56936,24.140.134.21,45411,6,3071299,0,1.3023805237,1023766.33333333,1036475.78079101,2072546,49,1535649.5,759355.608355203,2072595,998704,0,0,0,0,0,0,0,0,0,0,0,0,nonTOR
10.0.2.15,56953,24.140.134.21,45411,6,3062662,0,1.3060533614,1020887.33333333,1032729.29180949,2065102,40,1531331,754922.755943944,2065142,997520,0,0,0,0,0,0,0,0,0,0,0,0,nonTOR
10.0.2.15,39807,108.237.134.2,7124,6,3003430,0,0.9988579724,1501715,713656.004193897,2006346,997084,1501715,713656.004193897,2006346,997084,0,0,0,0,0,0,0,0,0,0,0,0,nonTOR
10.0.2.15,35273,67.71.163.47,30582,6,51735,0,57.9878225573,25867.5,36114.0646355405,51404,331,0,0,0,0,51404,0,51404,51404,0,0,0,0,0,0,0,0,nonTOR
10.0.2.15,38166,206.75.168.220,55632,6,101915,0,29.4362949517,50957.5,71480.7174033669,101502,413,0,0,0,0,101502,0,101502,101502,0,0,0,0,0,0,0,0,nonTOR
10.0.2.15,54955,204.83.155.169,32620,6,49999,0,60.001200024,24999.5,35032.1912603251,49771,228,0,0,0,0,49771,0,49771,49771,0,0,0,0,0,0,0,0,nonTOR
10.0.2.15,50197,67.70.26.33,60854,6,55546,0,54.0092895978,27773,39063.4070198696,55395,151,0,0,0,0,55395,0,55395,55395,0,0,0,0,0,0,0,0,nonTOR
10.0.2.15,35289,67.71.163.47,30582,6,52145,0,57.5318822514,26072.5,36507.2160058803,51887,258,0,0,0,0,51887,0,51887,51887,0,0,0,0,0,0,0,0,nonTOR
10.0.2.15,48319,69.51.239.202,44824,6,94497,0,31.7470395886,47248.5,66489.9577417523,94264,233,0,0,0,0,94264,0,94264,94264,0,0,0,0,0,0,0,0,nonTOR
10.0.2.15,55027,24.36.174.173,47044,6,47064,0,63.7429882713,23532,32826.7252098043,46744,320,0,0,0,0,46744,0,46744,46744,0,0,0,0,0,0,0,0,nonTOR
10.0.2.15,35301,67.71.163.47,30582,6,53618,0,55.951359618,26809,37519.0858097582,53339,279,0,0,0,0,53339,0,53339,53339,0,0,0,0,0,0,0,0,nonTOR
10.0.2.15,54967,204.83.155.169,32620,6,54331,0,55.2170952127,27165.5,37986.4833921225,54026,305,0,0,0,0,54026,0,54026,54026,0,0,0,0,0,0,0,0,nonTOR
10.0.2.15,50210,67.70.26.33,60854,6,3000668,0,0.9997773829,1500334,711752.472738943,2003619,997049,1500334,711752.472738943,2003619,997049,0,0,0,0,0,0,0,0,0,0,0,0,nonTOR
10.0.2.15,48265,24.201.235.89,40085,6,496,0,4032.2580645161,496,0,496,496,0,0,0,0,0,0,0,0,0,0,0,0,0,0,0,0,nonTOR
10.0.2.15,50209,67.70.26.33,60854,6,3002409,0,0.9991976443,1501204.5,706769.491251922,2000966,1001443,1501204.5,706769.491251922,2000966,1001443,0,0,0,0,0,0,0,0,0,0,0,0,nonTOR
10.0.2.15,43459,67.70.26.33,443,6,3002148,0,0.9992845123,1501074,712134.310400784,2004629,997519,1501074,712134.310400784,2004629,997519,0,0,0,0,0,0,0,0,0,0,0,0,nonTOR
10.0.2.15,52875,173.194.78.16,993,6,38594,0,51.8215266622,38594,0,38594,38594,38594,0,38594,38594,0,0,0,0,0,0,0,0,0,0,0,0,nonTOR
10.8.0.10,53280,173.252.79.90,3478,6,80420,0,24.8694354638,80420,0,80420,80420,0,0,0,0,0,0,0,0,0,0,0,0,0,0,0,0,nonTOR
10.8.0.10,35694,173.252.79.90,3478,6,80520,0,24.8385494287,80520,0,80520,80520,0,0,0,0,0,0,0,0,0,0,0,0,0,0,0,0,nonTOR
10.8.0.10,52712,173.252.79.90,443,6,80468,0,24.8546005866,80468,0,80468,80468,0,0,0,0,0,0,0,0,0,0,0,0,0,0,0,0,nonTOR
10.8.0.10,39742,173.252.79.90,3478,6,80407,0,24.8734562911,80407,0,80407,80407,0,0,0,0,0,0,0,0,0,0,0,0,0,0,0,0,nonTOR
10.8.0.10,47136,173.252.79.90,3478,6,80395,0,24.8771689782,80395,0,80395,80395,0,0,0,0,0,0,0,0,0,0,0,0,0,0,0,0,nonTOR
10.8.0.10,55665,173.252.79.90,443,6,80441,0,24.8629430266,80441,0,80441,80441,0,0,0,0,0,0,0,0,0,0,0,0,0,0,0,0,nonTOR
10.8.0.10,36678,173.252.79.90,443,6,80414,0,24.8712910687,80414,0,80414,80414,0,0,0,0,0,0,0,0,0,0,0,0,0,0,0,0,nonTOR
10.8.0.10,51761,173.252.79.90,443,6,80389,0,24.8790257374,80389,0,80389,80389,0,0,0,0,0,0,0,0,0,0,0,0,0,0,0,0,nonTOR
10.8.0.10,34676,173.252.79.90,3478,6,80337,0,24.895129268,80337,0,80337,80337,0,0,0,0,0,0,0,0,0,0,0,0,0,0,0,0,nonTOR
10.8.0.10,38897,173.252.79.90,443,6,80377,0,24.8827400873,80377,0,80377,80377,0,0,0,0,0,0,0,0,0,0,0,0,0,0,0,0,nonTOR
10.8.0.10,34332,173.252.79.90,443,6,80736,0,24.7720967103,80736,0,80736,80736,0,0,0,0,0,0,0,0,0,0,0,0,0,0,0,0,nonTOR
10.8.0.10,46976,173.252.79.90,443,6,80373,0,24.8839784505,80373,0,80373,80373,0,0,0,0,0,0,0,0,0,0,0,0,0,0,0,0,nonTOR
10.8.0.10,56536,173.252.79.90,3478,6,80411,0,24.872218975,80411,0,80411,80411,0,0,0,0,0,0,0,0,0,0,0,0,0,0,0,0,nonTOR
10.8.0.10,47119,173.252.79.90,443,6,80483,0,24.8499683163,80483,0,80483,80483,0,0,0,0,0,0,0,0,0,0,0,0,0,0,0,0,nonTOR
10.8.0.10,40944,173.252.79.90,3478,6,80556,0,24.8274492279,80556,0,80556,80556,0,0,0,0,0,0,0,0,0,0,0,0,0,0,0,0,nonTOR
10.8.0.10,57629,173.252.79.90,443,6,80637,0,24.802510014,80637,0,80637,80637,0,0,0,0,0,0,0,0,0,0,0,0,0,0,0,0,nonTOR
10.8.0.10,60625,173.252.79.90,3478,6,80677,0,24.790212824,80677,0,80677,80677,0,0,0,0,0,0,0,0,0,0,0,0,0,0,0,0,nonTOR
10.8.0.10,50051,173.252.79.90,3478,6,80585,0,24.8185146119,80585,0,80585,80585,0,0,0,0,0,0,0,0,0,0,0,0,0,0,0,0,nonTOR
10.8.0.10,56458,173.252.79.90,443,6,80574,0,24.8219028471,80574,0,80574,80574,0,0,0,0,0,0,0,0,0,0,0,0,0,0,0,0,nonTOR
10.8.0.10,42683,173.252.79.90,3478,6,80548,0,24.8299150817,80548,0,80548,80548,0,0,0,0,0,0,0,0,0,0,0,0,0,0,0,0,nonTOR
10.8.0.10,36182,173.252.79.90,443,6,80471,0,24.8536739944,80471,0,80471,80471,0,0,0,0,0,0,0,0,0,0,0,0,0,0,0,0,nonTOR
10.8.0.10,50040,173.252.79.90,3478,6,80520,0,24.8385494287,80520,0,80520,80520,0,0,0,0,0,0,0,0,0,0,0,0,0,0,0,0,nonTOR
10.8.0.10,58950,173.252.79.90,443,6,80586,0,24.8182066364,80586,0,80586,80586,0,0,0,0,0,0,0,0,0,0,0,0,0,0,0,0,nonTOR
10.8.0.10,46393,173.252.79.90,3478,6,89372,0,22.3783735398,89372,0,89372,89372,0,0,0,0,0,0,0,0,0,0,0,0,0,0,0,0,nonTOR
10.8.0.10,39587,173.252.79.90,3478,6,80433,0,24.8654159362,80433,0,80433,80433,0,0,0,0,0,0,0,0,0,0,0,0,0,0,0,0,nonTOR
10.8.0.10,58667,173.252.79.90,3478,6,80615,0,24.8092786702,80615,0,80615,80615,0,0,0,0,0,0,0,0,0,0,0,0,0,0,0,0,nonTOR
10.8.0.10,45031,173.252.79.90,443,6,80456,0,24.8583076464,80456,0,80456,80456,0,0,0,0,0,0,0,0,0,0,0,0,0,0,0,0,nonTOR
10.8.0.10,37740,173.252.79.90,443,6,80649,0,24.7988195762,80649,0,80649,80649,0,0,0,0,0,0,0,0,0,0,0,0,0,0,0,0,nonTOR
10.8.0.10,48050,173.252.79.90,3478,6,80375,0,24.8833592535,80375,0,80375,80375,0,0,0,0,0,0,0,0,0,0,0,0,0,0,0,0,nonTOR
10.8.0.10,41626,173.252.79.90,443,6,80391,0,24.8784067868,80391,0,80391,80391,0,0,0,0,0,0,0,0,0,0,0,0,0,0,0,0,nonTOR
10.8.0.10,60410,173.252.79.90,3478,6,80423,0,24.8685077652,80423,0,80423,80423,0,0,0,0,0,0,0,0,0,0,0,0,0,0,0,0,nonTOR
10.8.0.10,46101,173.252.79.90,443,6,80592,0,24.8163589438,80592,0,80592,80592,0,0,0,0,0,0,0,0,0,0,0,0,0,0,0,0,nonTOR
10.8.0.10,57436,173.252.79.90,3478,6,80677,0,24.790212824,80677,0,80677,80677,0,0,0,0,0,0,0,0,0,0,0,0,0,0,0,0,nonTOR
10.8.0.10,36036,173.252.79.90,443,6,80598,0,24.8145115263,80598,0,80598,80598,0,0,0,0,0,0,0,0,0,0,0,0,0,0,0,0,nonTOR
10.8.0.10,60243,173.252.79.90,443,6,80524,0,24.8373155829,80524,0,80524,80524,0,0,0,0,0,0,0,0,0,0,0,0,0,0,0,0,nonTOR
10.8.0.10,36651,173.252.79.90,3478,6,80602,0,24.8132800675,80602,0,80602,80602,0,0,0,0,0,0,0,0,0,0,0,0,0,0,0,0,nonTOR
10.8.0.10,33815,173.252.79.90,3478,6,80554,0,24.8280656454,80554,0,80554,80554,0,0,0,0,0,0,0,0,0,0,0,0,0,0,0,0,nonTOR
10.8.0.10,34693,173.252.79.90,443,6,80599,0,24.8142036502,80599,0,80599,80599,0,0,0,0,0,0,0,0,0,0,0,0,0,0,0,0,nonTOR
10.8.0.10,49813,209.148.205.35,443,6,22093,0,90.5264110804,22093,0,22093,22093,0,0,0,0,0,0,0,0,0,0,0,0,0,0,0,0,nonTOR
10.8.0.10,49813,209.148.205.35,443,6,22386,0,89.3415527562,22386,0,22386,22386,0,0,0,0,0,0,0,0,0,0,0,0,0,0,0,0,nonTOR
10.8.0.10,49813,209.148.205.35,443,6,21865,0,91.4703864624,21865,0,21865,21865,0,0,0,0,0,0,0,0,0,0,0,0,0,0,0,0,nonTOR
10.8.0.10,49813,209.148.205.35,443,6,22499,0,88.8928396818,22499,0,22499,22499,0,0,0,0,0,0,0,0,0,0,0,0,0,0,0,0,nonTOR
10.8.0.10,49813,209.148.205.35,443,6,22379,0,89.3694981903,22379,0,22379,22379,0,0,0,0,0,0,0,0,0,0,0,0,0,0,0,0,nonTOR
10.8.0.10,49813,209.148.205.35,443,6,21991,0,90.9462962121,21991,0,21991,21991,0,0,0,0,0,0,0,0,0,0,0,0,0,0,0,0,nonTOR
10.8.0.10,49813,209.148.205.35,443,6,22061,0,90.6577217715,22061,0,22061,22061,0,0,0,0,0,0,0,0,0,0,0,0,0,0,0,0,nonTOR
10.8.0.10,49813,209.148.205.35,443,6,22451,0,89.0828916307,22451,0,22451,22451,0,0,0,0,0,0,0,0,0,0,0,0,0,0,0,0,nonTOR
10.8.0.10,49813,209.148.205.35,443,6,22373,0,89.3934653377,22373,0,22373,22373,0,0,0,0,0,0,0,0,0,0,0,0,0,0,0,0,nonTOR
10.8.0.10,49813,209.148.205.35,443,6,22350,0,89.485458613,22350,0,22350,22350,0,0,0,0,0,0,0,0,0,0,0,0,0,0,0,0,nonTOR
10.8.0.10,35637,173.252.79.94,443,6,80604,0,24.8126643839,80604,0,80604,80604,0,0,0,0,0,0,0,0,0,0,0,0,0,0,0,0,nonTOR
10.8.0.10,43428,173.252.79.94,3478,6,80788,0,24.7561519037,80788,0,80788,80788,0,0,0,0,0,0,0,0,0,0,0,0,0,0,0,0,nonTOR
10.8.0.10,46984,173.252.79.94,3478,6,80723,0,24.7760861217,80723,0,80723,80723,0,0,0,0,0,0,0,0,0,0,0,0,0,0,0,0,nonTOR
10.8.0.10,42677,173.252.79.94,443,6,80755,0,24.7662683425,80755,0,80755,80755,0,0,0,0,0,0,0,0,0,0,0,0,0,0,0,0,nonTOR
10.8.0.10,37035,173.252.79.94,3478,6,80754,0,24.7665750303,80754,0,80754,80754,0,0,0,0,0,0,0,0,0,0,0,0,0,0,0,0,nonTOR
10.8.0.10,38319,173.252.79.94,3478,6,80763,0,24.7638151134,80763,0,80763,80763,0,0,0,0,0,0,0,0,0,0,0,0,0,0,0,0,nonTOR
10.8.0.10,36511,173.252.79.94,3478,6,80743,0,24.7699490978,80743,0,80743,80743,0,0,0,0,0,0,0,0,0,0,0,0,0,0,0,0,nonTOR
10.8.0.10,42112,173.252.79.94,443,6,80845,0,24.7386975076,80845,0,80845,80845,0,0,0,0,0,0,0,0,0,0,0,0,0,0,0,0,nonTOR
10.8.0.10,53693,173.252.79.94,443,6,80843,0,24.7393095259,80843,0,80843,80843,0,0,0,0,0,0,0,0,0,0,0,0,0,0,0,0,nonTOR
10.8.0.10,38446,173.252.79.94,443,6,80827,0,24.7442067626,80827,0,80827,80827,0,0,0,0,0,0,0,0,0,0,0,0,0,0,0,0,nonTOR
10.8.0.10,57175,173.252.79.94,3478,6,80775,0,24.7601361807,80775,0,80775,80775,0,0,0,0,0,0,0,0,0,0,0,0,0,0,0,0,nonTOR
10.8.0.10,53244,173.252.79.94,443,6,80827,0,24.7442067626,80827,0,80827,80827,0,0,0,0,0,0,0,0,0,0,0,0,0,0,0,0,nonTOR
10.8.0.10,55129,173.252.79.94,443,6,80818,0,24.7469623104,80818,0,80818,80818,0,0,0,0,0,0,0,0,0,0,0,0,0,0,0,0,nonTOR
10.8.0.10,59226,173.252.79.94,3478,6,80895,0,24.7234068855,80895,0,80895,80895,0,0,0,0,0,0,0,0,0,0,0,0,0,0,0,0,nonTOR
10.8.0.10,54078,173.252.79.94,3478,6,80852,0,24.736555682,80852,0,80852,80852,0,0,0,0,0,0,0,0,0,0,0,0,0,0,0,0,nonTOR
10.8.0.10,56147,173.252.79.94,3478,6,80811,0,24.7491059385,80811,0,80811,80811,0,0,0,0,0,0,0,0,0,0,0,0,0,0,0,0,nonTOR
10.8.0.10,33969,173.252.79.94,443,6,80896,0,24.7231012658,80896,0,80896,80896,0,0,0,0,0,0,0,0,0,0,0,0,0,0,0,0,nonTOR
10.8.0.10,46612,173.252.79.94,443,6,80851,0,24.7368616344,80851,0,80851,80851,0,0,0,0,0,0,0,0,0,0,0,0,0,0,0,0,nonTOR
10.8.0.10,52167,173.252.79.94,3478,6,80830,0,24.743288383,80830,0,80830,80830,0,0,0,0,0,0,0,0,0,0,0,0,0,0,0,0,nonTOR
10.8.0.10,33403,173.252.79.94,443,6,80842,0,24.7396155464,80842,0,80842,80842,0,0,0,0,0,0,0,0,0,0,0,0,0,0,0,0,nonTOR
10.8.0.10,49432,173.252.79.94,443,6,80826,0,24.7445129043,80826,0,80826,80826,0,0,0,0,0,0,0,0,0,0,0,0,0,0,0,0,nonTOR
10.8.0.10,47637,173.252.79.94,3478,6,80865,0,24.7325789897,80865,0,80865,80865,0,0,0,0,0,0,0,0,0,0,0,0,0,0,0,0,nonTOR
10.8.0.10,52242,173.252.79.94,3478,6,80865,0,24.7325789897,80865,0,80865,80865,0,0,0,0,0,0,0,0,0,0,0,0,0,0,0,0,nonTOR
10.8.0.10,43272,173.252.79.94,443,6,80880,0,24.727992087,80880,0,80880,80880,0,0,0,0,0,0,0,0,0,0,0,0,0,0,0,0,nonTOR
10.8.0.10,34823,74.125.226.5,80,6,5571842,0,0.7178954464,1857280.66666667,3194742.40193953,5546222,47,2785921,3903655.11043202,5546222,25620,0,0,0,0,0,0,0,0,0,0,0,0,nonTOR
10.8.0.10,41939,74.125.226.22,80,6,25332,0,78.9515237644,25332,0,25332,25332,0,0,0,0,0,0,0,0,0,0,0,0,0,0,0,0,nonTOR
10.8.0.10,42610,173.194.123.70,80,6,25327,0,78.9671101986,25327,0,25327,25327,0,0,0,0,0,0,0,0,0,0,0,0,0,0,0,0,nonTOR
10.8.0.10,41939,74.125.226.22,80,6,26656,0,75.0300120048,26656,0,26656,26656,0,0,0,0,0,0,0,0,0,0,0,0,0,0,0,0,nonTOR
10.8.0.10,42610,173.194.123.70,80,6,25710,0,77.7907429016,25710,0,25710,25710,0,0,0,0,0,0,0,0,0,0,0,0,0,0,0,0,nonTOR
10.8.0.10,35773,173.252.110.27,443,6,8190,0,366.3003663004,4095,5741.7070632348,8155,35,8190,0,8190,8190,0,0,0,0,0,0,0,0,0,0,0,0,nonTOR
10.8.0.10,41939,74.125.226.22,80,6,25471,0,78.5206705665,25471,0,25471,25471,0,0,0,0,0,0,0,0,0,0,0,0,0,0,0,0,nonTOR
10.8.0.10,53275,24.156.140.33,443,6,5691,0,527.1481286241,2845.5,3959.0908678635,5645,46,0,0,0,0,46,0,46,46,0,0,0,0,0,0,0,0,nonTOR
10.8.0.10,35769,173.252.110.27,443,6,12733,0,235.6082619964,6366.5,8961.1642379771,12703,30,12733,0,12733,12733,0,0,0,0,0,0,0,0,0,0,0,0,nonTOR
10.8.0.10,50813,209.148.205.10,443,6,8893,0,337.34397841,4446.5,6203.4477913496,8833,60,0,0,0,0,60,0,60,60,0,0,0,0,0,0,0,0,nonTOR
10.8.0.10,35774,173.252.110.27,443,6,3842,0,780.8433107756,1921,2655.8930701367,3799,43,0,0,0,0,43,0,43,43,0,0,0,0,0,0,0,0,nonTOR
10.8.0.10,35271,209.148.205.11,443,6,5118,0,586.1664712778,2559,3549.6760415565,5069,49,0,0,0,0,49,0,49,49,0,0,0,0,0,0,0,0,nonTOR
10.8.0.10,34040,209.148.205.26,443,6,3505,0,855.9201141227,1752.5,2411.9412306273,3458,47,0,0,0,0,47,0,47,47,0,0,0,0,0,0,0,0,nonTOR
10.8.0.10,45373,91.189.89.22,443,6,283,0,7067.1378091873,283,0,283,283,283,0,283,283,0,0,0,0,0,0,0,0,0,0,0,0,nonTOR
10.8.0.10,42610,173.194.123.70,80,6,25515,0,78.3852635704,25515,0,25515,25515,0,0,0,0,0,0,0,0,0,0,0,0,0,0,0,0,nonTOR
10.8.0.10,35770,173.252.110.27,443,6,4501,0,666.518551433,2250.5,1875.9542904879,3577,924,0,0,0,0,924,0,924,924,0,0,0,0,0,0,0,0,nonTOR
10.8.0.10,34065,209.148.205.26,443,6,5717,0,524.7507433969,2858.5,3960.5050814259,5659,58,0,0,0,0,58,0,58,58,0,0,0,0,0,0,0,0,nonTOR
10.8.0.10,34049,209.148.205.26,443,6,5060,0,592.8853754941,2530,3515.7349160595,5016,44,0,0,0,0,44,0,44,44,0,0,0,0,0,0,0,0,nonTOR
10.8.0.10,47592,31.13.73.7,443,6,4605,0,651.4657980456,2302.5,3198.2439713068,4564,41,0,0,0,0,41,0,41,41,0,0,0,0,0,0,0,0,nonTOR
10.8.0.10,58514,91.189.89.88,80,6,4194848,0,0.7151629809,2097424,2783319.36896074,4065528,129320,4194848,0,4194848,4194848,0,0,0,0,0,0,0,0,0,0,0,0,nonTOR
10.8.0.10,58055,74.125.226.169,80,6,5420097,0,0.5534956293,2710048.5,3795772.53593317,5394065,26032,5420097,0,5420097,5420097,0,0,0,0,0,0,0,0,0,0,0,0,nonTOR
10.8.0.10,55376,91.190.216.125,12350,6,2482753,0,1.2083360689,1241376.5,1500385.13026239,2302309,180444,0,0,0,0,2302309,0,2302309,2302309,0,0,0,0,0,0,0,0,nonTOR
10.8.0.10,44819,82.165.251.100,80,6,5195201,0,1.1549120044,1039040.2,1688585.56468652,3959265,38,1731733.66666667,1975689.89841456,3959265,191437,1044497,0,1044497,1044497,0,0,0,0,0,0,0,0,nonTOR
10.8.0.10,44818,82.165.251.100,80,6,5195952,0,1.1547450785,1039190.4,1530333.04245279,3554128,18,1731984,1698244.92260569,3554128,193314,1448490,0,1448490,1448490,0,0,0,0,0,0,0,0,nonTOR
10.8.0.10,44815,82.165.251.100,80,6,5198026,0,1.1542843379,1039605.2,1605567.3122131,3758565,32,1732675.33333333,1831513.66599879,3758565,194116,1245354,0,1245354,1245354,0,0,0,0,0,0,0,0,nonTOR
10.8.0.10,58078,74.125.226.169,80,6,5540250,0,0.7219890799,1846750,3174419.20176857,5512218,33,2770125,3877905.10988833,5512218,28032,0,0,0,0,0,0,0,0,0,0,0,0,nonTOR
10.8.0.10,44401,173.194.123.109,80,6,5675609,0,0.7047701841,1891869.66666667,3254428.03774186,5649730,50,2837804.5,3976663.17848275,5649730,25879,0,0,0,0,0,0,0,0,0,0,0,0,nonTOR
10.8.0.10,34023,23.65.248.82,80,6,5738009,0,0.6971059125,1912669.66666667,3266505.05537835,5684378,30,2869004.5,3981539.38684581,5684378,53631,0,0,0,0,0,0,0,0,0,0,0,0,nonTOR
10.8.0.10,38915,173.194.123.121,80,6,5789789,0,0.6908714635,1929929.66666667,3319170.05495656,5762545,34,2894894.5,4055470.22924599,5762545,27244,0,0,0,0,0,0,0,0,0,0,0,0,nonTOR
10.8.0.10,33092,209.148.205.25,80,6,5297673,0,0.7550484902,1765891,3039441.79079054,5275513,59,2648836.5,3714681.53026669,5275513,22160,0,0,0,0,0,0,0,0,0,0,0,0,nonTOR
10.8.0.10,49349,184.26.44.96,80,6,5086312,0,0.786424427,1695437.33333333,2902574.38877909,5046965,57,2543156,3540920.64539182,5046965,39347,0,0,0,0,0,0,0,0,0,0,0,0,nonTOR
10.8.0.10,38914,173.194.123.121,80,6,3351404,0,0.8951472278,1675702,2333640.4683194,3325835,25569,3351404,0,3351404,3351404,0,0,0,0,0,0,0,0,0,0,0,0,nonTOR
10.8.0.10,37617,72.21.91.29,80,6,2515458,0,1.1926257564,1257729,1721178.51558111,2474786,40672,2515458,0,2515458,2515458,0,0,0,0,0,0,0,0,0,0,0,0,nonTOR
10.8.0.10,34024,23.65.248.82,80,6,3223699,0,0.9306079755,1611849.5,2205411.60329869,3171311,52388,3223699,0,3223699,3223699,0,0,0,0,0,0,0,0,0,0,0,0,nonTOR
10.8.0.10,49348,184.26.44.96,80,6,2727723,0,1.09981842,1363861.5,1875708.92443484,2690188,37535,2727723,0,2727723,2727723,0,0,0,0,0,0,0,0,0,0,0,0,nonTOR
10.8.0.10,58077,74.125.226.169,80,6,3131963,0,0.9578657219,1565981.5,2177939.09063603,3106017,25946,3131963,0,3131963,3131963,0,0,0,0,0,0,0,0,0,0,0,0,nonTOR
10.8.0.10,18420,10.8.0.6,34575,6,67,0,29850.7462686567,67,0,67,67,67,0,67,67,0,0,0,0,0,0,0,0,0,0,0,0,nonTOR
10.8.0.10,55107,91.190.218.59,12350,6,127656,0,15.6671053456,127656,0,127656,127656,0,0,0,0,0,0,0,0,0,0,0,0,0,0,0,0,nonTOR
10.8.0.10,55817,65.55.223.17,40020,6,31876,0,62.7431296273,31876,0,31876,31876,0,0,0,0,0,0,0,0,0,0,0,0,0,0,0,0,nonTOR
10.8.0.10,40159,91.189.90.41,80,6,107873,0,18.5403205621,107873,0,107873,107873,0,0,0,0,0,0,0,0,0,0,0,0,0,0,0,0,nonTOR
10.8.0.10,42566,173.194.123.70,80,6,25456,0,78.5669390321,25456,0,25456,25456,0,0,0,0,0,0,0,0,0,0,0,0,0,0,0,0,nonTOR
10.8.0.10,40159,91.189.90.41,80,6,106260,0,18.8217579522,106260,0,106260,106260,0,0,0,0,0,0,0,0,0,0,0,0,0,0,0,0,nonTOR
10.8.0.10,42566,173.194.123.70,80,6,25992,0,76.946752847,25992,0,25992,25992,0,0,0,0,0,0,0,0,0,0,0,0,0,0,0,0,nonTOR
10.8.0.10,40159,91.189.90.41,80,6,106947,0,18.7008518238,106947,0,106947,106947,0,0,0,0,0,0,0,0,0,0,0,0,0,0,0,0,nonTOR
10.8.0.10,42566,173.194.123.70,80,6,25384,0,78.7897888434,25384,0,25384,25384,0,0,0,0,0,0,0,0,0,0,0,0,0,0,0,0,nonTOR
10.8.0.10,40159,91.189.90.41,80,6,106861,0,18.7159019661,106861,0,106861,106861,0,0,0,0,0,0,0,0,0,0,0,0,0,0,0,0,nonTOR
10.8.0.10,42566,173.194.123.70,80,6,25692,0,77.8452436556,25692,0,25692,25692,0,0,0,0,0,0,0,0,0,0,0,0,0,0,0,0,nonTOR
10.8.0.10,40159,91.189.90.41,80,6,106250,0,18.8235294118,106250,0,106250,106250,0,0,0,0,0,0,0,0,0,0,0,0,0,0,0,0,nonTOR
10.8.0.10,44817,82.165.251.100,80,6,162167,0,12.3329653999,162167,0,162167,162167,0,0,0,0,0,0,0,0,0,0,0,0,0,0,0,0,nonTOR
10.8.0.10,45332,91.189.89.22,443,6,244,0,8196.7213114754,244,0,244,244,244,0,244,244,0,0,0,0,0,0,0,0,0,0,0,0,nonTOR
10.8.0.10,37632,72.21.91.29,80,6,43276,0,69.3224882152,21638,30539.941879447,43233,43,43276,0,43276,43276,0,0,0,0,0,0,0,0,0,0,0,0,nonTOR
10.8.0.10,34036,209.148.205.26,443,6,38,0,78947.3684210526,19,8.4852813742,25,13,0,0,0,0,25,0,25,25,0,0,0,0,0,0,0,0,nonTOR
10.8.0.10,44814,82.165.251.100,80,6,178647,0,11.1952621651,178647,0,178647,178647,0,0,0,0,0,0,0,0,0,0,0,0,0,0,0,0,nonTOR
10.8.0.10,37560,178.255.83.1,80,6,50518,0,39.5898491627,50518,0,50518,50518,0,0,0,0,0,0,0,0,0,0,0,0,0,0,0,0,nonTOR
10.8.0.10,34031,209.148.205.26,443,6,21977,0,91.0042316968,21977,0,21977,21977,0,0,0,0,0,0,0,0,0,0,0,0,0,0,0,0,nonTOR
10.8.0.10,34032,209.148.205.26,443,6,778,0,3856.0411311054,389,528.9158723275,763,15,0,0,0,0,15,0,15,15,0,0,0,0,0,0,0,0,nonTOR
10.8.0.10,44816,82.165.251.100,80,6,176437,0,11.3354908551,176437,0,176437,176437,0,0,0,0,0,0,0,0,0,0,0,0,0,0,0,0,nonTOR
10.8.0.10,42566,173.194.123.70,80,6,25449,0,78.5885496483,25449,0,25449,25449,0,0,0,0,0,0,0,0,0,0,0,0,0,0,0,0,nonTOR
10.8.0.14,58724,74.125.226.3,80,6,5482355,0,0.5472100949,2741177.5,3840883.12014574,5457092,25263,5482355,0,5482355,5482355,0,0,0,0,0,0,0,0,0,0,0,0,nonTOR
10.8.0.14,33015,216.58.219.237,443,6,26060,0,76.7459708365,26060,0,26060,26060,0,0,0,0,0,0,0,0,0,0,0,0,0,0,0,0,nonTOR
10.8.0.14,53933,173.194.123.5,443,6,25459,0,78.5576809773,25459,0,25459,25459,0,0,0,0,0,0,0,0,0,0,0,0,0,0,0,0,nonTOR
10.8.0.14,57281,173.194.207.188,5228,6,38298,0,52.2220481487,38298,0,38298,38298,0,0,0,0,0,0,0,0,0,0,0,0,0,0,0,0,nonTOR
10.8.0.14,33015,216.58.219.237,443,6,27120,0,73.7463126844,27120,0,27120,27120,0,0,0,0,0,0,0,0,0,0,0,0,0,0,0,0,nonTOR
10.8.0.14,53933,173.194.123.5,443,6,25999,0,76.9260356168,25999,0,25999,25999,0,0,0,0,0,0,0,0,0,0,0,0,0,0,0,0,nonTOR
10.8.0.14,57281,173.194.207.188,5228,6,38322,0,52.1893429362,38322,0,38322,38322,0,0,0,0,0,0,0,0,0,0,0,0,0,0,0,0,nonTOR
10.8.0.14,33015,216.58.219.237,443,6,25835,0,77.4143603638,25835,0,25835,25835,0,0,0,0,0,0,0,0,0,0,0,0,0,0,0,0,nonTOR
10.8.0.14,53933,173.194.123.5,443,6,25557,0,78.2564463748,25557,0,25557,25557,0,0,0,0,0,0,0,0,0,0,0,0,0,0,0,0,nonTOR
10.8.0.14,57281,173.194.207.188,5228,6,38287,0,52.2370517408,38287,0,38287,38287,0,0,0,0,0,0,0,0,0,0,0,0,0,0,0,0,nonTOR
10.8.0.14,33015,216.58.219.237,443,6,26015,0,76.8787238132,26015,0,26015,26015,0,0,0,0,0,0,0,0,0,0,0,0,0,0,0,0,nonTOR
10.8.0.14,53933,173.194.123.5,443,6,25307,0,79.0295175248,25307,0,25307,25307,0,0,0,0,0,0,0,0,0,0,0,0,0,0,0,0,nonTOR
10.8.0.14,33015,216.58.219.237,443,6,25950,0,77.0712909441,25950,0,25950,25950,0,0,0,0,0,0,0,0,0,0,0,0,0,0,0,0,nonTOR
10.8.0.14,53933,173.194.123.5,443,6,25612,0,78.0883960643,25612,0,25612,25612,0,0,0,0,0,0,0,0,0,0,0,0,0,0,0,0,nonTOR
10.8.0.14,57281,173.194.207.188,5228,6,39183,0,51.0425439604,39183,0,39183,39183,0,0,0,0,0,0,0,0,0,0,0,0,0,0,0,0,nonTOR
10.8.0.14,57281,173.194.207.188,5228,6,38807,0,51.5370938233,38807,0,38807,38807,0,0,0,0,0,0,0,0,0,0,0,0,0,0,0,0,nonTOR
10.8.0.14,57281,173.194.207.188,5228,6,38997,0,51.2859963587,38997,0,38997,38997,0,0,0,0,0,0,0,0,0,0,0,0,0,0,0,0,nonTOR
10.8.0.14,57281,173.194.207.188,5228,6,39058,0,51.2058989196,39058,0,39058,39058,0,0,0,0,0,0,0,0,0,0,0,0,0,0,0,0,nonTOR
10.8.0.14,32818,173.194.121.5,443,6,31349,0,63.7978882899,31349,0,31349,31349,0,0,0,0,0,0,0,0,0,0,0,0,0,0,0,0,nonTOR
10.8.0.14,34564,173.194.123.8,443,6,25435,0,78.6318065658,25435,0,25435,25435,0,0,0,0,0,0,0,0,0,0,0,0,0,0,0,0,nonTOR
10.8.0.14,57281,173.194.207.188,5228,6,39120,0,51.1247443763,39120,0,39120,39120,0,0,0,0,0,0,0,0,0,0,0,0,0,0,0,0,nonTOR
10.8.0.14,32818,173.194.121.5,443,6,31435,0,63.6233497694,31435,0,31435,31435,0,0,0,0,0,0,0,0,0,0,0,0,0,0,0,0,nonTOR
10.8.0.14,34564,173.194.123.8,443,6,25503,0,78.4221464141,25503,0,25503,25503,0,0,0,0,0,0,0,0,0,0,0,0,0,0,0,0,nonTOR
10.8.0.14,46060,74.125.226.9,443,6,7008719,0,0.5707177018,2336239.66666667,1532931.22193278,4008055,996692,2336239.66666667,1532931.22193278,4008055,996692,0,0,0,0,0,0,0,0,0,0,0,0,nonTOR
10.8.0.14,57281,173.194.207.188,5228,6,38992,0,51.2925728355,38992,0,38992,38992,0,0,0,0,0,0,0,0,0,0,0,0,0,0,0,0,nonTOR
10.8.0.14,32818,173.194.121.5,443,6,31309,0,63.8793957009,31309,0,31309,31309,0,0,0,0,0,0,0,0,0,0,0,0,0,0,0,0,nonTOR
10.8.0.14,34564,173.194.123.8,443,6,25345,0,78.9110278161,25345,0,25345,25345,0,0,0,0,0,0,0,0,0,0,0,0,0,0,0,0,nonTOR
10.8.0.14,57281,173.194.207.188,5228,6,39210,0,51.0073960724,39210,0,39210,39210,0,0,0,0,0,0,0,0,0,0,0,0,0,0,0,0,nonTOR
10.8.0.14,32818,173.194.121.5,443,6,32228,0,62.0578379049,32228,0,32228,32228,0,0,0,0,0,0,0,0,0,0,0,0,0,0,0,0,nonTOR
10.8.0.14,34564,173.194.123.8,443,6,25342,0,78.9203693473,25342,0,25342,25342,0,0,0,0,0,0,0,0,0,0,0,0,0,0,0,0,nonTOR
10.8.0.14,32818,173.194.121.5,443,6,31492,0,63.5081925568,31492,0,31492,31492,0,0,0,0,0,0,0,0,0,0,0,0,0,0,0,0,nonTOR
10.8.0.14,34564,173.194.123.8,443,6,25226,0,79.2832791564,25226,0,25226,25226,0,0,0,0,0,0,0,0,0,0,0,0,0,0,0,0,nonTOR
10.8.0.14,57281,173.194.207.188,5228,6,39275,0,50.9229789943,39275,0,39275,39275,0,0,0,0,0,0,0,0,0,0,0,0,0,0,0,0,nonTOR
10.8.0.14,57281,173.194.207.188,5228,6,39046,0,51.2216360191,39046,0,39046,39046,0,0,0,0,0,0,0,0,0,0,0,0,0,0,0,0,nonTOR
10.8.0.14,57281,173.194.207.188,5228,6,38992,0,51.2925728355,38992,0,38992,38992,0,0,0,0,0,0,0,0,0,0,0,0,0,0,0,0,nonTOR
10.8.0.14,43655,173.194.123.15,443,6,25466,0,78.5360873321,25466,0,25466,25466,0,0,0,0,0,0,0,0,0,0,0,0,0,0,0,0,nonTOR
10.8.0.14,57281,173.194.207.188,5228,6,39059,0,51.2045879311,39059,0,39059,39059,0,0,0,0,0,0,0,0,0,0,0,0,0,0,0,0,nonTOR
10.8.0.14,43655,173.194.123.15,443,6,25437,0,78.6256240909,25437,0,25437,25437,0,0,0,0,0,0,0,0,0,0,0,0,0,0,0,0,nonTOR
10.8.0.14,57281,173.194.207.188,5228,6,39030,0,51.2426338714,39030,0,39030,39030,0,0,0,0,0,0,0,0,0,0,0,0,0,0,0,0,nonTOR
10.8.0.14,43655,173.194.123.15,443,6,25347,0,78.9048013572,25347,0,25347,25347,0,0,0,0,0,0,0,0,0,0,0,0,0,0,0,0,nonTOR
10.8.0.14,57281,173.194.207.188,5228,6,49617,0,40.308765141,49617,0,49617,49617,0,0,0,0,0,0,0,0,0,0,0,0,0,0,0,0,nonTOR
10.8.0.14,43655,173.194.123.15,443,6,25292,0,79.0763877906,25292,0,25292,25292,0,0,0,0,0,0,0,0,0,0,0,0,0,0,0,0,nonTOR
10.8.0.14,43655,173.194.123.15,443,6,25451,0,78.5823739735,25451,0,25451,25451,0,0,0,0,0,0,0,0,0,0,0,0,0,0,0,0,nonTOR
10.8.0.14,57281,173.194.207.188,5228,6,39843,0,50.1970233165,39843,0,39843,39843,0,0,0,0,0,0,0,0,0,0,0,0,0,0,0,0,nonTOR
10.8.0.14,57281,173.194.207.188,5228,6,39014,0,51.2636489465,39014,0,39014,39014,0,0,0,0,0,0,0,0,0,0,0,0,0,0,0,0,nonTOR
10.8.0.14,57281,173.194.207.188,5228,6,38865,0,51.4601826836,38865,0,38865,38865,0,0,0,0,0,0,0,0,0,0,0,0,0,0,0,0,nonTOR
10.8.0.14,57281,173.194.207.188,5228,6,39048,0,51.2190124974,39048,0,39048,39048,0,0,0,0,0,0,0,0,0,0,0,0,0,0,0,0,nonTOR
10.8.0.14,57281,173.194.207.188,5228,6,38974,0,51.3162621235,38974,0,38974,38974,0,0,0,0,0,0,0,0,0,0,0,0,0,0,0,0,nonTOR
10.8.0.14,57281,173.194.207.188,5228,6,40046,0,49.942566049,40046,0,40046,40046,0,0,0,0,0,0,0,0,0,0,0,0,0,0,0,0,nonTOR
10.8.0.14,57281,173.194.207.188,5228,6,39321,0,50.8634063223,39321,0,39321,39321,0,0,0,0,0,0,0,0,0,0,0,0,0,0,0,0,nonTOR
10.8.0.14,57281,173.194.207.188,5228,6,39012,0,51.266277043,39012,0,39012,39012,0,0,0,0,0,0,0,0,0,0,0,0,0,0,0,0,nonTOR
10.8.0.14,57281,173.194.207.188,5228,6,39105,0,51.1443549418,39105,0,39105,39105,0,0,0,0,0,0,0,0,0,0,0,0,0,0,0,0,nonTOR
10.8.0.14,57281,173.194.207.188,5228,6,39118,0,51.1273582494,39118,0,39118,39118,0,0,0,0,0,0,0,0,0,0,0,0,0,0,0,0,nonTOR
10.8.0.14,57281,173.194.207.188,5228,6,39895,0,50.131595438,39895,0,39895,39895,0,0,0,0,0,0,0,0,0,0,0,0,0,0,0,0,nonTOR
10.8.0.14,57281,173.194.207.188,5228,6,39083,0,51.1731443339,39083,0,39083,39083,0,0,0,0,0,0,0,0,0,0,0,0,0,0,0,0,nonTOR
10.8.0.14,54065,173.194.123.5,443,6,25412,0,78.7029749725,25412,0,25412,25412,0,0,0,0,0,0,0,0,0,0,0,0,0,0,0,0,nonTOR
10.8.0.14,57281,173.194.207.188,5228,6,39170,0,51.0594842992,39170,0,39170,39170,0,0,0,0,0,0,0,0,0,0,0,0,0,0,0,0,nonTOR
10.8.0.14,54065,173.194.123.5,443,6,25139,0,79.5576594137,25139,0,25139,25139,0,0,0,0,0,0,0,0,0,0,0,0,0,0,0,0,nonTOR
10.8.0.14,57281,173.194.207.188,5228,6,39060,0,51.2032770097,39060,0,39060,39060,0,0,0,0,0,0,0,0,0,0,0,0,0,0,0,0,nonTOR
10.8.0.14,54065,173.194.123.5,443,6,25466,0,78.5360873321,25466,0,25466,25466,0,0,0,0,0,0,0,0,0,0,0,0,0,0,0,0,nonTOR
10.8.0.14,57281,173.194.207.188,5228,6,38854,0,51.4747516343,38854,0,38854,38854,0,0,0,0,0,0,0,0,0,0,0,0,0,0,0,0,nonTOR
10.8.0.14,54065,173.194.123.5,443,6,25313,0,79.0107849721,25313,0,25313,25313,0,0,0,0,0,0,0,0,0,0,0,0,0,0,0,0,nonTOR
10.8.0.14,54065,173.194.123.5,443,6,25206,0,79.3461874157,25206,0,25206,25206,0,0,0,0,0,0,0,0,0,0,0,0,0,0,0,0,nonTOR
10.8.0.14,57281,173.194.207.188,5228,6,38974,0,51.3162621235,38974,0,38974,38974,0,0,0,0,0,0,0,0,0,0,0,0,0,0,0,0,nonTOR
10.8.0.14,57281,173.194.207.188,5228,6,38914,0,51.3953846945,38914,0,38914,38914,0,0,0,0,0,0,0,0,0,0,0,0,0,0,0,0,nonTOR
10.8.0.14,45309,173.194.123.23,443,6,25297,0,79.0607581927,25297,0,25297,25297,0,0,0,0,0,0,0,0,0,0,0,0,0,0,0,0,nonTOR
10.8.0.14,57281,173.194.207.188,5228,6,38683,0,51.7022981672,38683,0,38683,38683,0,0,0,0,0,0,0,0,0,0,0,0,0,0,0,0,nonTOR
10.8.0.14,45309,173.194.123.23,443,6,25323,0,78.9795837776,25323,0,25323,25323,0,0,0,0,0,0,0,0,0,0,0,0,0,0,0,0,nonTOR
10.8.0.14,57281,173.194.207.188,5228,6,38928,0,51.3769009453,38928,0,38928,38928,0,0,0,0,0,0,0,0,0,0,0,0,0,0,0,0,nonTOR
10.8.0.14,45309,173.194.123.23,443,6,25294,0,79.0701352099,25294,0,25294,25294,0,0,0,0,0,0,0,0,0,0,0,0,0,0,0,0,nonTOR
10.8.0.14,57281,173.194.207.188,5228,6,38744,0,51.6208961388,38744,0,38744,38744,0,0,0,0,0,0,0,0,0,0,0,0,0,0,0,0,nonTOR
10.8.0.14,45309,173.194.123.23,443,6,25410,0,78.7091696183,25410,0,25410,25410,0,0,0,0,0,0,0,0,0,0,0,0,0,0,0,0,nonTOR
10.8.0.14,45309,173.194.123.23,443,6,25342,0,78.9203693473,25342,0,25342,25342,0,0,0,0,0,0,0,0,0,0,0,0,0,0,0,0,nonTOR
10.8.0.14,60188,74.125.226.0,80,6,25332,0,78.9515237644,25332,0,25332,25332,0,0,0,0,0,0,0,0,0,0,0,0,0,0,0,0,nonTOR
10.8.0.14,60188,74.125.226.0,80,6,25424,0,78.6658275645,25424,0,25424,25424,0,0,0,0,0,0,0,0,0,0,0,0,0,0,0,0,nonTOR
10.8.0.14,57281,173.194.207.188,5228,6,38970,0,51.3215293816,38970,0,38970,38970,0,0,0,0,0,0,0,0,0,0,0,0,0,0,0,0,nonTOR
10.8.0.14,60188,74.125.226.0,80,6,25350,0,78.8954635108,25350,0,25350,25350,0,0,0,0,0,0,0,0,0,0,0,0,0,0,0,0,nonTOR
10.8.0.14,60188,74.125.226.0,80,6,25289,0,79.085768516,25289,0,25289,25289,0,0,0,0,0,0,0,0,0,0,0,0,0,0,0,0,nonTOR
10.8.0.14,60188,74.125.226.0,80,6,25470,0,78.5237534354,25470,0,25470,25470,0,0,0,0,0,0,0,0,0,0,0,0,0,0,0,0,nonTOR
10.8.0.14,60188,74.125.226.0,80,6,25504,0,78.4190715182,25504,0,25504,25504,0,0,0,0,0,0,0,0,0,0,0,0,0,0,0,0,nonTOR
10.8.0.14,57281,173.194.207.188,5228,6,38827,0,51.5105467845,38827,0,38827,38827,0,0,0,0,0,0,0,0,0,0,0,0,0,0,0,0,nonTOR
10.8.0.14,60188,74.125.226.0,80,6,25301,0,79.0482589621,25301,0,25301,25301,0,0,0,0,0,0,0,0,0,0,0,0,0,0,0,0,nonTOR
10.8.0.14,60188,74.125.226.0,80,6,25207,0,79.3430396318,25207,0,25207,25207,0,0,0,0,0,0,0,0,0,0,0,0,0,0,0,0,nonTOR
10.8.0.14,60188,74.125.226.0,80,6,25348,0,78.9016884961,25348,0,25348,25348,0,0,0,0,0,0,0,0,0,0,0,0,0,0,0,0,nonTOR
10.8.0.14,60188,74.125.226.0,80,6,25509,0,78.4037006547,25509,0,25509,25509,0,0,0,0,0,0,0,0,0,0,0,0,0,0,0,0,nonTOR
10.8.0.14,60188,74.125.226.0,80,6,4858437,0,0.6174825361,2429218.5,3399717.78514989,4833182,25255,4858437,0,4858437,4858437,0,0,0,0,0,0,0,0,0,0,0,0,nonTOR
10.8.0.14,57281,173.194.207.188,5228,6,38698,0,51.682257481,38698,0,38698,38698,0,0,0,0,0,0,0,0,0,0,0,0,0,0,0,0,nonTOR
10.8.0.14,57281,173.194.207.188,5228,6,38699,0,51.6809219876,38699,0,38699,38699,0,0,0,0,0,0,0,0,0,0,0,0,0,0,0,0,nonTOR
10.8.0.14,57281,173.194.207.188,5228,6,38793,0,51.5556930374,38793,0,38793,38793,0,0,0,0,0,0,0,0,0,0,0,0,0,0,0,0,nonTOR
10.8.0.14,57281,173.194.207.188,5228,6,38759,0,51.6009184963,38759,0,38759,38759,0,0,0,0,0,0,0,0,0,0,0,0,0,0,0,0,nonTOR
10.8.0.14,57281,173.194.207.188,5228,6,39486,0,50.6508635972,39486,0,39486,39486,0,0,0,0,0,0,0,0,0,0,0,0,0,0,0,0,nonTOR
10.8.0.14,57281,173.194.207.188,5228,6,38801,0,51.5450632716,38801,0,38801,38801,0,0,0,0,0,0,0,0,0,0,0,0,0,0,0,0,nonTOR
10.8.0.14,46103,74.125.226.9,443,6,7008759,0,0.5707144446,2336253,1532862.37839899,4007992,996763,2336253,1532862.37839899,4007992,996763,0,0,0,0,0,0,0,0,0,0,0,0,nonTOR
10.8.0.14,57281,173.194.207.188,5228,6,38896,0,51.4191690662,38896,0,38896,38896,0,0,0,0,0,0,0,0,0,0,0,0,0,0,0,0,nonTOR
10.8.0.14,57281,173.194.207.188,5228,6,38787,0,51.5636682394,38787,0,38787,38787,0,0,0,0,0,0,0,0,0,0,0,0,0,0,0,0,nonTOR
10.8.0.14,57281,173.194.207.188,5228,6,38764,0,51.594262718,38764,0,38764,38764,0,0,0,0,0,0,0,0,0,0,0,0,0,0,0,0,nonTOR
10.8.0.14,39952,216.58.219.238,443,6,25825,0,77.4443368829,25825,0,25825,25825,0,0,0,0,0,0,0,0,0,0,0,0,0,0,0,0,nonTOR
10.8.0.14,57281,173.194.207.188,5228,6,38971,0,51.3202124657,38971,0,38971,38971,0,0,0,0,0,0,0,0,0,0,0,0,0,0,0,0,nonTOR
10.8.0.14,39952,216.58.219.238,443,6,25871,0,77.3066367748,25871,0,25871,25871,0,0,0,0,0,0,0,0,0,0,0,0,0,0,0,0,nonTOR
10.8.0.14,39955,216.58.219.238,443,6,25941,0,77.0980301453,25941,0,25941,25941,0,0,0,0,0,0,0,0,0,0,0,0,0,0,0,0,nonTOR
10.8.0.14,57281,173.194.207.188,5228,6,38656,0,51.738410596,38656,0,38656,38656,0,0,0,0,0,0,0,0,0,0,0,0,0,0,0,0,nonTOR
10.8.0.14,39952,216.58.219.238,443,6,25848,0,77.3754255648,25848,0,25848,25848,0,0,0,0,0,0,0,0,0,0,0,0,0,0,0,0,nonTOR
10.8.0.14,39955,216.58.219.238,443,6,25976,0,76.9941484447,25976,0,25976,25976,0,0,0,0,0,0,0,0,0,0,0,0,0,0,0,0,nonTOR
10.8.0.14,57281,173.194.207.188,5228,6,38750,0,51.6129032258,38750,0,38750,38750,0,0,0,0,0,0,0,0,0,0,0,0,0,0,0,0,nonTOR
10.8.0.14,39952,216.58.219.238,443,6,28173,0,70.9899549214,28173,0,28173,28173,0,0,0,0,0,0,0,0,0,0,0,0,0,0,0,0,nonTOR
10.8.0.14,39952,216.58.219.238,443,6,25855,0,77.3544768904,25855,0,25855,25855,0,0,0,0,0,0,0,0,0,0,0,0,0,0,0,0,nonTOR
10.8.0.14,53868,173.194.123.105,443,6,26399,0,75.7604454714,26399,0,26399,26399,0,0,0,0,0,0,0,0,0,0,0,0,0,0,0,0,nonTOR
10.8.0.14,39955,216.58.219.238,443,6,25971,0,77.0089715452,25971,0,25971,25971,0,0,0,0,0,0,0,0,0,0,0,0,0,0,0,0,nonTOR
10.8.0.14,57281,173.194.207.188,5228,6,38629,0,51.774573507,38629,0,38629,38629,0,0,0,0,0,0,0,0,0,0,0,0,0,0,0,0,nonTOR
10.8.0.14,53868,173.194.123.105,443,6,25527,0,78.3484154033,25527,0,25527,25527,0,0,0,0,0,0,0,0,0,0,0,0,0,0,0,0,nonTOR
10.8.0.14,39955,216.58.219.238,443,6,26522,0,75.4090943368,26522,0,26522,26522,0,0,0,0,0,0,0,0,0,0,0,0,0,0,0,0,nonTOR
10.8.0.14,57281,173.194.207.188,5228,6,38816,0,51.5251442704,38816,0,38816,38816,0,0,0,0,0,0,0,0,0,0,0,0,0,0,0,0,nonTOR
10.8.0.14,39955,216.58.219.238,443,6,25877,0,77.2887119836,25877,0,25877,25877,0,0,0,0,0,0,0,0,0,0,0,0,0,0,0,0,nonTOR
10.8.0.14,53868,173.194.123.105,443,6,25573,0,78.2074844563,25573,0,25573,25573,0,0,0,0,0,0,0,0,0,0,0,0,0,0,0,0,nonTOR
10.8.0.14,57281,173.194.207.188,5228,6,38716,0,51.6582291559,38716,0,38716,38716,0,0,0,0,0,0,0,0,0,0,0,0,0,0,0,0,nonTOR
10.8.0.14,46387,216.58.219.227,443,6,25835,0,77.4143603638,25835,0,25835,25835,0,0,0,0,0,0,0,0,0,0,0,0,0,0,0,0,nonTOR
10.8.0.14,53868,173.194.123.105,443,6,25429,0,78.6503598254,25429,0,25429,25429,0,0,0,0,0,0,0,0,0,0,0,0,0,0,0,0,nonTOR
10.8.0.14,53868,173.194.123.105,443,6,25469,0,78.5268365464,25469,0,25469,25469,0,0,0,0,0,0,0,0,0,0,0,0,0,0,0,0,nonTOR
10.8.0.14,57281,173.194.207.188,5228,6,38588,0,51.8295843267,38588,0,38588,38588,0,0,0,0,0,0,0,0,0,0,0,0,0,0,0,0,nonTOR
10.8.0.14,46387,216.58.219.227,443,6,25855,0,77.3544768904,25855,0,25855,25855,0,0,0,0,0,0,0,0,0,0,0,0,0,0,0,0,nonTOR
10.8.0.14,57281,173.194.207.188,5228,6,38533,0,51.9035631796,38533,0,38533,38533,0,0,0,0,0,0,0,0,0,0,0,0,0,0,0,0,nonTOR
10.8.0.14,46387,216.58.219.227,443,6,25821,0,77.4563339917,25821,0,25821,25821,0,0,0,0,0,0,0,0,0,0,0,0,0,0,0,0,nonTOR
10.8.0.14,57281,173.194.207.188,5228,6,38907,0,51.4046315573,38907,0,38907,38907,0,0,0,0,0,0,0,0,0,0,0,0,0,0,0,0,nonTOR
10.8.0.14,46387,216.58.219.227,443,6,26784,0,74.6714456392,26784,0,26784,26784,0,0,0,0,0,0,0,0,0,0,0,0,0,0,0,0,nonTOR
10.8.0.14,46387,216.58.219.227,443,6,25828,0,77.4353414899,25828,0,25828,25828,0,0,0,0,0,0,0,0,0,0,0,0,0,0,0,0,nonTOR
10.8.0.14,57281,173.194.207.188,5228,6,39016,0,51.2610211195,39016,0,39016,39016,0,0,0,0,0,0,0,0,0,0,0,0,0,0,0,0,nonTOR
10.8.0.14,57281,173.194.207.188,5228,6,38720,0,51.652892562,38720,0,38720,38720,0,0,0,0,0,0,0,0,0,0,0,0,0,0,0,0,nonTOR
10.8.0.14,57281,173.194.207.188,5228,6,38717,0,51.656894904,38717,0,38717,38717,0,0,0,0,0,0,0,0,0,0,0,0,0,0,0,0,nonTOR
10.8.0.14,57281,173.194.207.188,5228,6,38691,0,51.6916078675,38691,0,38691,38691,0,0,0,0,0,0,0,0,0,0,0,0,0,0,0,0,nonTOR
10.8.0.14,57281,173.194.207.188,5228,6,38564,0,51.8618400581,38564,0,38564,38564,0,0,0,0,0,0,0,0,0,0,0,0,0,0,0,0,nonTOR
10.8.0.14,57281,173.194.207.188,5228,6,39822,0,50.2234945508,39822,0,39822,39822,0,0,0,0,0,0,0,0,0,0,0,0,0,0,0,0,nonTOR
10.8.0.14,57281,173.194.207.188,5228,6,39227,0,50.9852907436,39227,0,39227,39227,0,0,0,0,0,0,0,0,0,0,0,0,0,0,0,0,nonTOR
10.8.0.14,57281,173.194.207.188,5228,6,38791,0,51.5583511639,38791,0,38791,38791,0,0,0,0,0,0,0,0,0,0,0,0,0,0,0,0,nonTOR
10.8.0.14,57281,173.194.207.188,5228,6,38728,0,51.6422226813,38728,0,38728,38728,0,0,0,0,0,0,0,0,0,0,0,0,0,0,0,0,nonTOR
10.8.0.14,57281,173.194.207.188,5228,6,38976,0,51.3136288998,38976,0,38976,38976,0,0,0,0,0,0,0,0,0,0,0,0,0,0,0,0,nonTOR
10.8.0.14,57281,173.194.207.188,5228,6,38851,0,51.4787264163,38851,0,38851,38851,0,0,0,0,0,0,0,0,0,0,0,0,0,0,0,0,nonTOR
10.8.0.14,57281,173.194.207.188,5228,6,38780,0,51.5729757607,38780,0,38780,38780,0,0,0,0,0,0,0,0,0,0,0,0,0,0,0,0,nonTOR
10.8.0.14,57281,173.194.207.188,5228,6,38791,0,51.5583511639,38791,0,38791,38791,0,0,0,0,0,0,0,0,0,0,0,0,0,0,0,0,nonTOR
10.8.0.14,57281,173.194.207.188,5228,6,38793,0,51.5556930374,38793,0,38793,38793,0,0,0,0,0,0,0,0,0,0,0,0,0,0,0,0,nonTOR
10.8.0.14,39987,216.58.219.238,443,6,26027,0,76.8432781342,26027,0,26027,26027,0,0,0,0,0,0,0,0,0,0,0,0,0,0,0,0,nonTOR
10.8.0.14,57281,173.194.207.188,5228,6,38816,0,51.5251442704,38816,0,38816,38816,0,0,0,0,0,0,0,0,0,0,0,0,0,0,0,0,nonTOR
10.8.0.14,39987,216.58.219.238,443,6,26115,0,76.5843385028,26115,0,26115,26115,0,0,0,0,0,0,0,0,0,0,0,0,0,0,0,0,nonTOR
10.8.0.14,57281,173.194.207.188,5228,6,38814,0,51.5277992477,38814,0,38814,38814,0,0,0,0,0,0,0,0,0,0,0,0,0,0,0,0,nonTOR
10.8.0.14,46417,216.58.219.227,443,6,25979,0,76.9852573232,25979,0,25979,25979,0,0,0,0,0,0,0,0,0,0,0,0,0,0,0,0,nonTOR
10.8.0.14,39987,216.58.219.238,443,6,26032,0,76.8285187462,26032,0,26032,26032,0,0,0,0,0,0,0,0,0,0,0,0,0,0,0,0,nonTOR
10.8.0.14,57281,173.194.207.188,5228,6,39072,0,51.1875511876,39072,0,39072,39072,0,0,0,0,0,0,0,0,0,0,0,0,0,0,0,0,nonTOR
10.8.0.14,46417,216.58.219.227,443,6,26702,0,74.9007564976,26702,0,26702,26702,0,0,0,0,0,0,0,0,0,0,0,0,0,0,0,0,nonTOR
10.8.0.14,39987,216.58.219.238,443,6,26033,0,76.8255675489,26033,0,26033,26033,0,0,0,0,0,0,0,0,0,0,0,0,0,0,0,0,nonTOR
10.8.0.14,57281,173.194.207.188,5228,6,38885,0,51.4337148001,38885,0,38885,38885,0,0,0,0,0,0,0,0,0,0,0,0,0,0,0,0,nonTOR
10.8.0.14,39987,216.58.219.238,443,6,26011,0,76.8905463073,26011,0,26011,26011,0,0,0,0,0,0,0,0,0,0,0,0,0,0,0,0,nonTOR
10.8.0.14,33215,216.58.219.237,443,6,26071,0,76.7135898124,26071,0,26071,26071,0,0,0,0,0,0,0,0,0,0,0,0,0,0,0,0,nonTOR
10.8.0.14,39996,216.58.219.238,443,6,25871,0,77.3066367748,25871,0,25871,25871,0,0,0,0,0,0,0,0,0,0,0,0,0,0,0,0,nonTOR
10.8.0.14,46417,216.58.219.227,443,6,26448,0,75.6200846945,26448,0,26448,26448,0,0,0,0,0,0,0,0,0,0,0,0,0,0,0,0,nonTOR
10.8.0.14,57281,173.194.207.188,5228,6,38924,0,51.3821806597,38924,0,38924,38924,0,0,0,0,0,0,0,0,0,0,0,0,0,0,0,0,nonTOR
10.8.0.14,33015,216.58.219.237,443,6,25986,0,76.9645193566,25986,0,25986,25986,0,0,0,0,0,0,0,0,0,0,0,0,0,0,0,0,nonTOR
10.8.0.14,53868,173.194.123.105,443,6,25614,0,78.0822987429,25614,0,25614,25614,0,0,0,0,0,0,0,0,0,0,0,0,0,0,0,0,nonTOR
10.8.0.14,39952,216.58.219.238,443,6,28181,0,70.9698023491,28181,0,28181,28181,0,0,0,0,0,0,0,0,0,0,0,0,0,0,0,0,nonTOR
10.8.0.14,57281,173.194.207.188,5228,6,39090,0,51.1639805577,39090,0,39090,39090,0,0,0,0,0,0,0,0,0,0,0,0,0,0,0,0,nonTOR
10.8.0.14,32818,173.194.121.5,443,6,31308,0,63.8814360547,31308,0,31308,31308,0,0,0,0,0,0,0,0,0,0,0,0,0,0,0,0,nonTOR
10.8.0.14,54065,173.194.123.5,443,6,25276,0,79.1264440576,25276,0,25276,25276,0,0,0,0,0,0,0,0,0,0,0,0,0,0,0,0,nonTOR
10.8.0.14,43655,173.194.123.15,443,6,25221,0,79.2989968677,25221,0,25221,25221,0,0,0,0,0,0,0,0,0,0,0,0,0,0,0,0,nonTOR
10.8.0.14,46417,216.58.219.227,443,6,25848,0,77.3754255648,25848,0,25848,25848,0,0,0,0,0,0,0,0,0,0,0,0,0,0,0,0,nonTOR
10.8.0.14,45309,173.194.123.23,443,6,25357,0,78.8736837954,25357,0,25357,25357,0,0,0,0,0,0,0,0,0,0,0,0,0,0,0,0,nonTOR
10.8.0.14,46387,216.58.219.227,443,6,25956,0,77.0534751117,25956,0,25956,25956,0,0,0,0,0,0,0,0,0,0,0,0,0,0,0,0,nonTOR
10.8.0.14,53933,173.194.123.5,443,6,25401,0,78.7370575962,25401,0,25401,25401,0,0,0,0,0,0,0,0,0,0,0,0,0,0,0,0,nonTOR
10.8.0.14,39987,216.58.219.238,443,6,25876,0,77.2916988715,25876,0,25876,25876,0,0,0,0,0,0,0,0,0,0,0,0,0,0,0,0,nonTOR
10.8.0.14,39955,216.58.219.238,443,6,25785,0,77.5644754702,25785,0,25785,25785,0,0,0,0,0,0,0,0,0,0,0,0,0,0,0,0,nonTOR
10.8.0.14,33215,216.58.219.237,443,6,25941,0,77.0980301453,25941,0,25941,25941,0,0,0,0,0,0,0,0,0,0,0,0,0,0,0,0,nonTOR
10.8.0.14,34564,173.194.123.8,443,6,25215,0,79.3178663494,25215,0,25215,25215,0,0,0,0,0,0,0,0,0,0,0,0,0,0,0,0,nonTOR
10.8.0.14,39996,216.58.219.238,443,6,25922,0,77.1545405447,25922,0,25922,25922,0,0,0,0,0,0,0,0,0,0,0,0,0,0,0,0,nonTOR
10.8.0.6,47317,23.23.138.128,443,6,56054,0,35.6798801156,56054,0,56054,56054,0,0,0,0,0,0,0,0,0,0,0,0,0,0,0,0,nonTOR
10.8.0.6,47313,23.23.138.128,443,6,56129,0,35.6322043863,56129,0,56129,56129,0,0,0,0,0,0,0,0,0,0,0,0,0,0,0,0,nonTOR
10.8.0.6,47314,23.23.138.128,443,6,56004,0,35.7117348761,56004,0,56004,56004,0,0,0,0,0,0,0,0,0,0,0,0,0,0,0,0,nonTOR
10.8.0.6,47316,23.23.138.128,443,6,56184,0,35.5973230813,56184,0,56184,56184,0,0,0,0,0,0,0,0,0,0,0,0,0,0,0,0,nonTOR
10.8.0.6,47315,23.23.138.128,443,6,55886,0,35.7871381026,55886,0,55886,55886,0,0,0,0,0,0,0,0,0,0,0,0,0,0,0,0,nonTOR
10.8.0.6,47318,23.23.138.128,443,6,56406,0,35.457220863,56406,0,56406,56406,0,0,0,0,0,0,0,0,0,0,0,0,0,0,0,0,nonTOR
10.8.0.6,47317,23.23.138.128,443,6,4856311,0,0.4118352387,4856311,0,4856311,4856311,4856311,0,4856311,4856311,0,0,0,0,0,0,0,0,0,0,0,0,nonTOR
10.8.0.6,47314,23.23.138.128,443,6,4856544,0,0.4118154803,4856544,0,4856544,4856544,4856544,0,4856544,4856544,0,0,0,0,0,0,0,0,0,0,0,0,nonTOR
10.8.0.6,47315,23.23.138.128,443,6,4856684,0,0.4118036092,4856684,0,4856684,4856684,4856684,0,4856684,4856684,0,0,0,0,0,0,0,0,0,0,0,0,nonTOR
10.8.0.6,47316,23.23.138.128,443,6,4856792,0,0.411794452,4856792,0,4856792,4856792,4856792,0,4856792,4856792,0,0,0,0,0,0,0,0,0,0,0,0,nonTOR
10.8.0.6,47313,23.23.138.128,443,6,4856957,0,0.4117804625,4856957,0,4856957,4856957,4856957,0,4856957,4856957,0,0,0,0,0,0,0,0,0,0,0,0,nonTOR
10.8.0.6,47318,23.23.138.128,443,6,4857044,0,0.4117730867,4857044,0,4857044,4857044,4857044,0,4857044,4857044,0,0,0,0,0,0,0,0,0,0,0,0,nonTOR
10.8.0.6,51801,74.125.226.175,443,6,25476,0,78.5052598524,25476,0,25476,25476,0,0,0,0,0,0,0,0,0,0,0,0,0,0,0,0,nonTOR
10.8.0.6,42357,173.194.123.111,443,6,25637,0,78.0122479229,25637,0,25637,25637,0,0,0,0,0,0,0,0,0,0,0,0,0,0,0,0,nonTOR
10.8.0.6,47987,173.194.207.188,5228,6,38900,0,51.4138817481,38900,0,38900,38900,0,0,0,0,0,0,0,0,0,0,0,0,0,0,0,0,nonTOR
10.8.0.6,60778,74.125.226.185,80,6,25569,0,78.2197191912,25569,0,25569,25569,0,0,0,0,0,0,0,0,0,0,0,0,0,0,0,0,nonTOR
10.8.0.6,52206,74.125.226.186,80,6,25711,0,77.7877173194,25711,0,25711,25711,0,0,0,0,0,0,0,0,0,0,0,0,0,0,0,0,nonTOR
10.8.0.6,60199,54.230.52.98,80,6,25258,0,79.1828331618,25258,0,25258,25258,0,0,0,0,0,0,0,0,0,0,0,0,0,0,0,0,nonTOR
10.8.0.6,35990,199.16.156.201,443,6,73371,0,27.2587261997,73371,0,73371,73371,0,0,0,0,0,0,0,0,0,0,0,0,0,0,0,0,nonTOR
10.8.0.6,38945,209.148.205.19,80,6,22148,0,90.3016073686,22148,0,22148,22148,0,0,0,0,0,0,0,0,0,0,0,0,0,0,0,0,nonTOR
10.8.0.6,57025,173.194.123.121,80,6,25607,0,78.103643535,25607,0,25607,25607,0,0,0,0,0,0,0,0,0,0,0,0,0,0,0,0,nonTOR
10.8.0.6,37179,8.18.45.80,443,6,55417,0,36.0900084812,55417,0,55417,55417,0,0,0,0,0,0,0,0,0,0,0,0,0,0,0,0,nonTOR
10.8.0.6,42967,149.174.28.138,80,6,53086,0,37.6747164978,53086,0,53086,53086,0,0,0,0,0,0,0,0,0,0,0,0,0,0,0,0,nonTOR
10.8.0.6,35584,23.195.218.247,443,6,30612,0,65.3338560042,30612,0,30612,30612,0,0,0,0,0,0,0,0,0,0,0,0,0,0,0,0,nonTOR
10.8.0.6,37646,74.125.226.187,80,6,26354,0,75.8898079988,26354,0,26354,26354,0,0,0,0,0,0,0,0,0,0,0,0,0,0,0,0,nonTOR
10.8.0.6,50127,72.39.249.200,18990,6,45426,0,66.0414740457,22713,32013.5524114398,45350,76,0,0,0,0,76,0,76,76,0,0,0,0,0,0,0,0,nonTOR
10.8.0.6,57411,72.11.163.216,56230,6,52319,0,57.3405454997,26159.5,29987.6914833403,47364,4955,0,0,0,0,4955,0,4955,4955,0,0,0,0,0,0,0,0,nonTOR
10.8.0.6,51338,97.89.116.200,29810,6,80174,0,37.4186145134,40087,56598.2409797336,80108,66,0,0,0,0,66,0,66,66,0,0,0,0,0,0,0,0,nonTOR
10.8.0.6,41378,174.4.162.172,57397,6,87047,0,34.4641400623,43523.5,61452.5290325793,86977,70,0,0,0,0,70,0,70,70,0,0,0,0,0,0,0,0,nonTOR
10.8.0.6,47550,173.194.123.122,80,6,25679,0,77.8846528292,25679,0,25679,25679,0,0,0,0,0,0,0,0,0,0,0,0,0,0,0,0,nonTOR
10.8.0.6,37649,74.125.226.187,80,6,25682,0,77.8755548633,25682,0,25682,25682,0,0,0,0,0,0,0,0,0,0,0,0,0,0,0,0,nonTOR
10.8.0.6,50252,74.125.22.157,443,6,39534,0,50.5893661152,39534,0,39534,39534,0,0,0,0,0,0,0,0,0,0,0,0,0,0,0,0,nonTOR
10.8.0.6,49049,54.231.17.48,80,6,55624,0,35.9557025744,55624,0,55624,55624,0,0,0,0,0,0,0,0,0,0,0,0,0,0,0,0,nonTOR
10.8.0.6,37507,209.148.205.33,80,6,22068,0,90.6289650172,22068,0,22068,22068,0,0,0,0,0,0,0,0,0,0,0,0,0,0,0,0,nonTOR
10.8.0.6,52205,74.125.226.186,80,6,25646,0,77.984870935,25646,0,25646,25646,0,0,0,0,0,0,0,0,0,0,0,0,0,0,0,0,nonTOR
10.8.0.6,55202,64.233.178.94,80,6,55207,0,36.2272900176,55207,0,55207,55207,0,0,0,0,0,0,0,0,0,0,0,0,0,0,0,0,nonTOR
10.8.0.6,55200,64.233.178.94,80,6,54681,0,36.5757758636,54681,0,54681,54681,0,0,0,0,0,0,0,0,0,0,0,0,0,0,0,0,nonTOR
10.8.0.6,55197,64.233.178.94,80,6,54684,0,36.5737692927,54684,0,54684,54684,0,0,0,0,0,0,0,0,0,0,0,0,0,0,0,0,nonTOR
10.8.0.6,55203,64.233.178.94,80,6,54613,0,36.6213172688,54613,0,54613,54613,0,0,0,0,0,0,0,0,0,0,0,0,0,0,0,0,nonTOR
10.8.0.6,55199,64.233.178.94,80,6,54609,0,36.623999707,54609,0,54609,54609,0,0,0,0,0,0,0,0,0,0,0,0,0,0,0,0,nonTOR
10.8.0.6,55201,64.233.178.94,80,6,54608,0,36.624670378,54608,0,54608,54608,0,0,0,0,0,0,0,0,0,0,0,0,0,0,0,0,nonTOR
10.8.0.6,58177,209.148.205.18,80,6,22333,0,89.5535754265,22333,0,22333,22333,0,0,0,0,0,0,0,0,0,0,0,0,0,0,0,0,nonTOR
10.8.0.6,57032,173.194.123.121,80,6,25663,0,77.933211238,25663,0,25663,25663,0,0,0,0,0,0,0,0,0,0,0,0,0,0,0,0,nonTOR
10.8.0.6,52750,74.125.226.173,80,6,25658,0,77.9483981604,25658,0,25658,25658,0,0,0,0,0,0,0,0,0,0,0,0,0,0,0,0,nonTOR
10.8.0.6,42844,141.219.235.176,60830,6,60763,0,49.3721508155,30381.5,42806.12321269,60650,113,0,0,0,0,113,0,113,113,0,0,0,0,0,0,0,0,nonTOR
10.8.0.6,48558,68.180.110.66,12732,6,91899,0,32.6445336728,45949.5,64283.7845844502,91405,494,0,0,0,0,494,0,494,494,0,0,0,0,0,0,0,0,nonTOR
10.8.0.6,49515,178.211.244.196,27425,6,176364,0,17.0102742056,88182,124654.440241814,176326,38,0,0,0,0,38,0,38,38,0,0,0,0,0,0,0,0,nonTOR
10.8.0.6,49663,74.125.226.164,443,6,25633,0,78.024421644,25633,0,25633,25633,0,0,0,0,0,0,0,0,0,0,0,0,0,0,0,0,nonTOR
10.8.0.6,60199,54.230.52.98,80,6,27203,0,73.5213027975,27203,0,27203,27203,0,0,0,0,0,0,0,0,0,0,0,0,0,0,0,0,nonTOR
10.8.0.6,60199,54.230.52.98,80,6,6409826,0,0.4680314255,3204913,4475936.42743616,6369878,39948,3204913,4475936.42743616,6369878,39948,0,0,0,0,0,0,0,0,0,0,0,0,nonTOR
10.8.0.6,51801,74.125.226.175,443,6,26021,0,76.8609968871,26021,0,26021,26021,0,0,0,0,0,0,0,0,0,0,0,0,0,0,0,0,nonTOR
10.8.0.6,42357,173.194.123.111,443,6,27075,0,73.8688827331,27075,0,27075,27075,0,0,0,0,0,0,0,0,0,0,0,0,0,0,0,0,nonTOR
10.8.0.6,47987,173.194.207.188,5228,6,38849,0,51.481376612,38849,0,38849,38849,0,0,0,0,0,0,0,0,0,0,0,0,0,0,0,0,nonTOR
10.8.0.6,60778,74.125.226.185,80,6,25495,0,78.4467542655,25495,0,25495,25495,0,0,0,0,0,0,0,0,0,0,0,0,0,0,0,0,nonTOR
10.8.0.6,52206,74.125.226.186,80,6,27331,0,73.1769785226,27331,0,27331,27331,0,0,0,0,0,0,0,0,0,0,0,0,0,0,0,0,nonTOR
10.8.0.6,35990,199.16.156.201,443,6,73391,0,27.2512978431,73391,0,73391,73391,0,0,0,0,0,0,0,0,0,0,0,0,0,0,0,0,nonTOR
10.8.0.6,38945,209.148.205.19,80,6,22283,0,89.754521384,22283,0,22283,22283,0,0,0,0,0,0,0,0,0,0,0,0,0,0,0,0,nonTOR
10.8.0.6,57025,173.194.123.121,80,6,25661,0,77.9392852968,25661,0,25661,25661,0,0,0,0,0,0,0,0,0,0,0,0,0,0,0,0,nonTOR
10.8.0.6,37179,8.18.45.80,443,6,56208,0,35.5821235411,56208,0,56208,56208,0,0,0,0,0,0,0,0,0,0,0,0,0,0,0,0,nonTOR
10.8.0.6,42967,149.174.28.138,80,6,54334,0,36.8093643023,54334,0,54334,54334,0,0,0,0,0,0,0,0,0,0,0,0,0,0,0,0,nonTOR
10.8.0.6,35584,23.195.218.247,443,6,30702,0,65.1423360042,30702,0,30702,30702,0,0,0,0,0,0,0,0,0,0,0,0,0,0,0,0,nonTOR
10.8.0.6,37646,74.125.226.187,80,6,25520,0,78.3699059561,25520,0,25520,25520,0,0,0,0,0,0,0,0,0,0,0,0,0,0,0,0,nonTOR
10.8.0.6,47550,173.194.123.122,80,6,25429,0,78.6503598254,25429,0,25429,25429,0,0,0,0,0,0,0,0,0,0,0,0,0,0,0,0,nonTOR
10.8.0.6,37649,74.125.226.187,80,6,25722,0,77.7544514423,25722,0,25722,25722,0,0,0,0,0,0,0,0,0,0,0,0,0,0,0,0,nonTOR
10.8.0.6,50252,74.125.22.157,443,6,39476,0,50.6636943966,39476,0,39476,39476,0,0,0,0,0,0,0,0,0,0,0,0,0,0,0,0,nonTOR
10.8.0.6,49049,54.231.17.48,80,6,55363,0,36.1252099778,55363,0,55363,55363,0,0,0,0,0,0,0,0,0,0,0,0,0,0,0,0,nonTOR
10.8.0.6,37507,209.148.205.33,80,6,22267,0,89.8190146854,22267,0,22267,22267,0,0,0,0,0,0,0,0,0,0,0,0,0,0,0,0,nonTOR
10.8.0.6,52205,74.125.226.186,80,6,25763,0,77.6307107092,25763,0,25763,25763,0,0,0,0,0,0,0,0,0,0,0,0,0,0,0,0,nonTOR
10.8.0.6,55202,64.233.178.94,80,6,55705,0,35.9034198007,55705,0,55705,55705,0,0,0,0,0,0,0,0,0,0,0,0,0,0,0,0,nonTOR
10.8.0.6,55200,64.233.178.94,80,6,55500,0,36.036036036,55500,0,55500,55500,0,0,0,0,0,0,0,0,0,0,0,0,0,0,0,0,nonTOR
10.8.0.6,55197,64.233.178.94,80,6,54679,0,36.5771137,54679,0,54679,54679,0,0,0,0,0,0,0,0,0,0,0,0,0,0,0,0,nonTOR
10.8.0.6,55203,64.233.178.94,80,6,54762,0,36.5216756145,54762,0,54762,54762,0,0,0,0,0,0,0,0,0,0,0,0,0,0,0,0,nonTOR
10.8.0.6,55199,64.233.178.94,80,6,54699,0,36.5637397393,54699,0,54699,54699,0,0,0,0,0,0,0,0,0,0,0,0,0,0,0,0,nonTOR
10.8.0.6,55201,64.233.178.94,80,6,54769,0,36.5170077964,54769,0,54769,54769,0,0,0,0,0,0,0,0,0,0,0,0,0,0,0,0,nonTOR
10.8.0.6,58177,209.148.205.18,80,6,22226,0,89.9847026006,22226,0,22226,22226,0,0,0,0,0,0,0,0,0,0,0,0,0,0,0,0,nonTOR
10.8.0.6,57032,173.194.123.121,80,6,25600,0,78.125,25600,0,25600,25600,0,0,0,0,0,0,0,0,0,0,0,0,0,0,0,0,nonTOR
10.8.0.6,52750,74.125.226.173,80,6,25618,0,78.070106956,25618,0,25618,25618,0,0,0,0,0,0,0,0,0,0,0,0,0,0,0,0,nonTOR
10.8.0.6,49663,74.125.226.164,443,6,25632,0,78.0274656679,25632,0,25632,25632,0,0,0,0,0,0,0,0,0,0,0,0,0,0,0,0,nonTOR
10.8.0.6,51801,74.125.226.175,443,6,25560,0,78.2472613459,25560,0,25560,25560,0,0,0,0,0,0,0,0,0,0,0,0,0,0,0,0,nonTOR
10.8.0.6,37179,8.18.45.80,443,6,55160,0,36.2581580856,55160,0,55160,55160,0,0,0,0,0,0,0,0,0,0,0,0,0,0,0,0,nonTOR
10.8.0.6,58256,91.190.218.125,12350,6,367049,0,8.1732956635,183524.5,35008.1496297648,208279,158770,0,0,0,0,208279,0,208279,208279,0,0,0,0,0,0,0,0,nonTOR
10.8.0.6,42357,173.194.123.111,443,6,25436,0,78.6287152068,25436,0,25436,25436,0,0,0,0,0,0,0,0,0,0,0,0,0,0,0,0,nonTOR
10.8.0.6,47987,173.194.207.188,5228,6,40040,0,49.9500499501,40040,0,40040,40040,0,0,0,0,0,0,0,0,0,0,0,0,0,0,0,0,nonTOR
10.8.0.6,60778,74.125.226.185,80,6,25642,0,77.9970361126,25642,0,25642,25642,0,0,0,0,0,0,0,0,0,0,0,0,0,0,0,0,nonTOR
10.8.0.6,52206,74.125.226.186,80,6,25689,0,77.8543345401,25689,0,25689,25689,0,0,0,0,0,0,0,0,0,0,0,0,0,0,0,0,nonTOR
10.8.0.6,35990,199.16.156.201,443,6,73777,0,27.1087195196,73777,0,73777,73777,0,0,0,0,0,0,0,0,0,0,0,0,0,0,0,0,nonTOR
10.8.0.6,38945,209.148.205.19,80,6,22173,0,90.1997925405,22173,0,22173,22173,0,0,0,0,0,0,0,0,0,0,0,0,0,0,0,0,nonTOR
10.8.0.6,57025,173.194.123.121,80,6,25724,0,77.7484061577,25724,0,25724,25724,0,0,0,0,0,0,0,0,0,0,0,0,0,0,0,0,nonTOR
10.8.0.6,42967,149.174.28.138,80,6,53376,0,37.4700239808,53376,0,53376,53376,0,0,0,0,0,0,0,0,0,0,0,0,0,0,0,0,nonTOR
10.8.0.6,35584,23.195.218.247,443,6,30382,0,65.8284510565,30382,0,30382,30382,0,0,0,0,0,0,0,0,0,0,0,0,0,0,0,0,nonTOR
10.8.0.6,37646,74.125.226.187,80,6,25475,0,78.5083415113,25475,0,25475,25475,0,0,0,0,0,0,0,0,0,0,0,0,0,0,0,0,nonTOR
10.8.0.6,47550,173.194.123.122,80,6,25668,0,77.9180302322,25668,0,25668,25668,0,0,0,0,0,0,0,0,0,0,0,0,0,0,0,0,nonTOR
10.8.0.6,37649,74.125.226.187,80,6,25669,0,77.9149947407,25669,0,25669,25669,0,0,0,0,0,0,0,0,0,0,0,0,0,0,0,0,nonTOR
10.8.0.6,49049,54.231.17.48,80,6,55269,0,36.1866507445,55269,0,55269,55269,0,0,0,0,0,0,0,0,0,0,0,0,0,0,0,0,nonTOR
10.8.0.6,50252,74.125.22.157,443,6,39459,0,50.6855216807,39459,0,39459,39459,0,0,0,0,0,0,0,0,0,0,0,0,0,0,0,0,nonTOR
10.8.0.6,37507,209.148.205.33,80,6,22728,0,87.9971840901,22728,0,22728,22728,0,0,0,0,0,0,0,0,0,0,0,0,0,0,0,0,nonTOR
10.8.0.6,52205,74.125.226.186,80,6,25657,0,77.9514362552,25657,0,25657,25657,0,0,0,0,0,0,0,0,0,0,0,0,0,0,0,0,nonTOR
10.8.0.6,55202,64.233.178.94,80,6,54761,0,36.5223425431,54761,0,54761,54761,0,0,0,0,0,0,0,0,0,0,0,0,0,0,0,0,nonTOR
10.8.0.6,55200,64.233.178.94,80,6,54714,0,36.5537156852,54714,0,54714,54714,0,0,0,0,0,0,0,0,0,0,0,0,0,0,0,0,nonTOR
10.8.0.6,55197,64.233.178.94,80,6,54718,0,36.5510435323,54718,0,54718,54718,0,0,0,0,0,0,0,0,0,0,0,0,0,0,0,0,nonTOR
10.8.0.6,55203,64.233.178.94,80,6,54672,0,36.5817968979,54672,0,54672,54672,0,0,0,0,0,0,0,0,0,0,0,0,0,0,0,0,nonTOR
10.8.0.6,55199,64.233.178.94,80,6,54624,0,36.6139425893,54624,0,54624,54624,0,0,0,0,0,0,0,0,0,0,0,0,0,0,0,0,nonTOR
10.8.0.6,55201,64.233.178.94,80,6,54669,0,36.5838043498,54669,0,54669,54669,0,0,0,0,0,0,0,0,0,0,0,0,0,0,0,0,nonTOR
10.8.0.6,58177,209.148.205.18,80,6,22474,0,88.9917237697,22474,0,22474,22474,0,0,0,0,0,0,0,0,0,0,0,0,0,0,0,0,nonTOR
10.8.0.6,57032,173.194.123.121,80,6,25596,0,78.1372089389,25596,0,25596,25596,0,0,0,0,0,0,0,0,0,0,0,0,0,0,0,0,nonTOR
10.8.0.6,52750,74.125.226.173,80,6,25609,0,78.0975438322,25609,0,25609,25609,0,0,0,0,0,0,0,0,0,0,0,0,0,0,0,0,nonTOR
10.8.0.6,49663,74.125.226.164,443,6,25825,0,77.4443368829,25825,0,25825,25825,0,0,0,0,0,0,0,0,0,0,0,0,0,0,0,0,nonTOR
10.8.0.6,42357,173.194.123.111,443,6,26059,0,76.7489159216,26059,0,26059,26059,0,0,0,0,0,0,0,0,0,0,0,0,0,0,0,0,nonTOR
10.8.0.6,47987,173.194.207.188,5228,6,40638,0,49.2150204242,40638,0,40638,40638,0,0,0,0,0,0,0,0,0,0,0,0,0,0,0,0,nonTOR
10.8.0.6,60778,74.125.226.185,80,6,26792,0,74.6491489997,26792,0,26792,26792,0,0,0,0,0,0,0,0,0,0,0,0,0,0,0,0,nonTOR
10.8.0.6,52206,74.125.226.186,80,6,25656,0,77.9544745868,25656,0,25656,25656,0,0,0,0,0,0,0,0,0,0,0,0,0,0,0,0,nonTOR
10.8.0.6,35990,199.16.156.201,443,6,73391,0,27.2512978431,73391,0,73391,73391,0,0,0,0,0,0,0,0,0,0,0,0,0,0,0,0,nonTOR
10.8.0.6,38945,209.148.205.19,80,6,22089,0,90.5428041106,22089,0,22089,22089,0,0,0,0,0,0,0,0,0,0,0,0,0,0,0,0,nonTOR
10.8.0.6,57025,173.194.123.121,80,6,25738,0,77.7061154713,25738,0,25738,25738,0,0,0,0,0,0,0,0,0,0,0,0,0,0,0,0,nonTOR
10.8.0.6,42967,149.174.28.138,80,6,54005,0,37.0336079993,54005,0,54005,54005,0,0,0,0,0,0,0,0,0,0,0,0,0,0,0,0,nonTOR
10.8.0.6,35584,23.195.218.247,443,6,30329,0,65.9434864321,30329,0,30329,30329,0,0,0,0,0,0,0,0,0,0,0,0,0,0,0,0,nonTOR
10.8.0.6,37646,74.125.226.187,80,6,25605,0,78.1097441906,25605,0,25605,25605,0,0,0,0,0,0,0,0,0,0,0,0,0,0,0,0,nonTOR
10.8.0.6,47550,173.194.123.122,80,6,25673,0,77.9028551396,25673,0,25673,25673,0,0,0,0,0,0,0,0,0,0,0,0,0,0,0,0,nonTOR
10.8.0.6,37649,74.125.226.187,80,6,25721,0,77.7574744372,25721,0,25721,25721,0,0,0,0,0,0,0,0,0,0,0,0,0,0,0,0,nonTOR
10.8.0.6,50252,74.125.22.157,443,6,39505,0,50.6265029743,39505,0,39505,39505,0,0,0,0,0,0,0,0,0,0,0,0,0,0,0,0,nonTOR
10.8.0.6,49049,54.231.17.48,80,6,55568,0,35.9919378059,55568,0,55568,55568,0,0,0,0,0,0,0,0,0,0,0,0,0,0,0,0,nonTOR
10.8.0.6,37507,209.148.205.33,80,6,22057,0,90.6741623974,22057,0,22057,22057,0,0,0,0,0,0,0,0,0,0,0,0,0,0,0,0,nonTOR
10.8.0.6,52205,74.125.226.186,80,6,25794,0,77.5374118012,25794,0,25794,25794,0,0,0,0,0,0,0,0,0,0,0,0,0,0,0,0,nonTOR
10.8.0.6,55202,64.233.178.94,80,6,54838,0,36.4710602137,54838,0,54838,54838,0,0,0,0,0,0,0,0,0,0,0,0,0,0,0,0,nonTOR
10.8.0.6,55200,64.233.178.94,80,6,54720,0,36.5497076023,54720,0,54720,54720,0,0,0,0,0,0,0,0,0,0,0,0,0,0,0,0,nonTOR
10.8.0.6,55197,64.233.178.94,80,6,54811,0,36.4890259255,54811,0,54811,54811,0,0,0,0,0,0,0,0,0,0,0,0,0,0,0,0,nonTOR
10.8.0.6,55203,64.233.178.94,80,6,54690,0,36.5697568111,54690,0,54690,54690,0,0,0,0,0,0,0,0,0,0,0,0,0,0,0,0,nonTOR
10.8.0.6,55199,64.233.178.94,80,6,54577,0,36.6454733679,54577,0,54577,54577,0,0,0,0,0,0,0,0,0,0,0,0,0,0,0,0,nonTOR
10.8.0.6,55201,64.233.178.94,80,6,54622,0,36.6152832192,54622,0,54622,54622,0,0,0,0,0,0,0,0,0,0,0,0,0,0,0,0,nonTOR
10.8.0.6,58177,209.148.205.18,80,6,22021,0,90.8223968031,22021,0,22021,22021,0,0,0,0,0,0,0,0,0,0,0,0,0,0,0,0,nonTOR
10.8.0.6,57032,173.194.123.121,80,6,25669,0,77.9149947407,25669,0,25669,25669,0,0,0,0,0,0,0,0,0,0,0,0,0,0,0,0,nonTOR
10.8.0.6,52750,74.125.226.173,80,6,25691,0,77.8482737145,25691,0,25691,25691,0,0,0,0,0,0,0,0,0,0,0,0,0,0,0,0,nonTOR
10.8.0.6,49663,74.125.226.164,443,6,25666,0,77.9241019247,25666,0,25666,25666,0,0,0,0,0,0,0,0,0,0,0,0,0,0,0,0,nonTOR
10.8.0.6,42357,173.194.123.111,443,6,25556,0,78.2595085303,25556,0,25556,25556,0,0,0,0,0,0,0,0,0,0,0,0,0,0,0,0,nonTOR
10.8.0.6,60778,74.125.226.185,80,6,25879,0,77.2827389003,25879,0,25879,25879,0,0,0,0,0,0,0,0,0,0,0,0,0,0,0,0,nonTOR
10.8.0.6,52206,74.125.226.186,80,6,25550,0,78.2778864971,25550,0,25550,25550,0,0,0,0,0,0,0,0,0,0,0,0,0,0,0,0,nonTOR
10.8.0.6,57025,173.194.123.121,80,6,25593,0,78.1463681475,25593,0,25593,25593,0,0,0,0,0,0,0,0,0,0,0,0,0,0,0,0,nonTOR
10.8.0.6,37646,74.125.226.187,80,6,25704,0,77.8089013383,25704,0,25704,25704,0,0,0,0,0,0,0,0,0,0,0,0,0,0,0,0,nonTOR
10.8.0.6,47550,173.194.123.122,80,6,25587,0,78.1646930082,25587,0,25587,25587,0,0,0,0,0,0,0,0,0,0,0,0,0,0,0,0,nonTOR
10.8.0.6,37649,74.125.226.187,80,6,25752,0,77.6638707673,25752,0,25752,25752,0,0,0,0,0,0,0,0,0,0,0,0,0,0,0,0,nonTOR
10.8.0.6,50252,74.125.22.157,443,6,39427,0,50.7266593958,39427,0,39427,39427,0,0,0,0,0,0,0,0,0,0,0,0,0,0,0,0,nonTOR
10.8.0.6,52205,74.125.226.186,80,6,26102,0,76.6224810359,26102,0,26102,26102,0,0,0,0,0,0,0,0,0,0,0,0,0,0,0,0,nonTOR
10.8.0.6,55200,64.233.178.94,80,6,54711,0,36.5557200563,54711,0,54711,54711,0,0,0,0,0,0,0,0,0,0,0,0,0,0,0,0,nonTOR
10.8.0.6,55197,64.233.178.94,80,6,54558,0,36.6582352726,54558,0,54558,54558,0,0,0,0,0,0,0,0,0,0,0,0,0,0,0,0,nonTOR
10.8.0.6,55203,64.233.178.94,80,6,55021,0,36.3497573654,55021,0,55021,55021,0,0,0,0,0,0,0,0,0,0,0,0,0,0,0,0,nonTOR
10.8.0.6,55202,64.233.178.94,80,6,54905,0,36.4265549586,54905,0,54905,54905,0,0,0,0,0,0,0,0,0,0,0,0,0,0,0,0,nonTOR
10.8.0.6,55201,64.233.178.94,80,6,54928,0,36.4113020682,54928,0,54928,54928,0,0,0,0,0,0,0,0,0,0,0,0,0,0,0,0,nonTOR
10.8.0.6,57032,173.194.123.121,80,6,25862,0,77.3335395561,25862,0,25862,25862,0,0,0,0,0,0,0,0,0,0,0,0,0,0,0,0,nonTOR
10.8.0.6,55199,64.233.178.94,80,6,54864,0,36.4537766113,54864,0,54864,54864,0,0,0,0,0,0,0,0,0,0,0,0,0,0,0,0,nonTOR
10.8.0.6,52750,74.125.226.173,80,6,25779,0,77.5825284146,25779,0,25779,25779,0,0,0,0,0,0,0,0,0,0,0,0,0,0,0,0,nonTOR
10.8.0.6,37646,74.125.226.187,80,6,4531992,0,0.6619605683,2265996,3150734.88089239,4493902,38090,2265996,3150734.88089239,4493902,38090,0,0,0,0,0,0,0,0,0,0,0,0,nonTOR
10.8.0.6,47550,173.194.123.122,80,6,4343155,0,0.6907420988,2171577.5,3018469.85036467,4305958,37197,2171577.5,3018469.85036467,4305958,37197,0,0,0,0,0,0,0,0,0,0,0,0,nonTOR
10.8.0.6,55202,64.233.178.94,80,6,3962364,0,0.7571237776,1981182,2750382.33509307,3925996,36368,1981182,2750382.33509307,3925996,36368,0,0,0,0,0,0,0,0,0,0,0,0,nonTOR
10.8.0.6,55200,64.233.178.94,80,6,4007057,0,0.7486791428,2003528.5,2781029.05009647,3970013,37044,2003528.5,2781029.05009647,3970013,37044,0,0,0,0,0,0,0,0,0,0,0,0,nonTOR
10.8.0.6,55197,64.233.178.94,80,6,3997043,0,0.7505548477,1998521.5,2771119.65566493,3957999,39044,1998521.5,2771119.65566493,3957999,39044,0,0,0,0,0,0,0,0,0,0,0,0,nonTOR
10.8.0.6,55203,64.233.178.94,80,6,3976786,0,0.7543780329,1988393,2757262.48407401,3938072,38714,1988393,2757262.48407401,3938072,38714,0,0,0,0,0,0,0,0,0,0,0,0,nonTOR
10.8.0.6,55199,64.233.178.94,80,6,3910844,0,0.7670978438,1955422,2713386.50830139,3874076,36768,1955422,2713386.50830139,3874076,36768,0,0,0,0,0,0,0,0,0,0,0,0,nonTOR
10.8.0.6,55201,64.233.178.94,80,6,3944332,0,0.7605850623,1972166,2735029.63265995,3906124,38208,1972166,2735029.63265995,3906124,38208,0,0,0,0,0,0,0,0,0,0,0,0,nonTOR
10.8.0.6,52750,74.125.226.173,80,6,3904691,0,0.7683066343,1952345.5,2706456.15473898,3866099,38592,1952345.5,2706456.15473898,3866099,38592,0,0,0,0,0,0,0,0,0,0,0,0,nonTOR
10.8.0.6,57025,173.194.123.121,80,6,5422007,0,0.5533006505,2711003.5,3777564.53631761,5382145,39862,2711003.5,3777564.53631761,5382145,39862,0,0,0,0,0,0,0,0,0,0,0,0,nonTOR
10.8.0.6,57032,173.194.123.121,80,6,3913536,0,0.766570181,1956768,2711658.33932817,3874200,39336,1956768,2711658.33932817,3874200,39336,0,0,0,0,0,0,0,0,0,0,0,0,nonTOR
10.8.0.6,52206,74.125.226.186,80,6,6461205,0,0.464309676,3230602.5,4513723.50671599,6422287,38918,3230602.5,4513723.50671599,6422287,38918,0,0,0,0,0,0,0,0,0,0,0,0,nonTOR
10.8.0.6,52205,74.125.226.186,80,6,4028427,0,0.7447075496,2014213.5,2794679.0394005,3990350,38077,2014213.5,2794679.0394005,3990350,38077,0,0,0,0,0,0,0,0,0,0,0,0,nonTOR
10.8.0.6,37649,74.125.226.187,80,6,4249674,0,0.7059365024,2124837,2949346.62696978,4210340,39334,2124837,2949346.62696978,4210340,39334,0,0,0,0,0,0,0,0,0,0,0,0,nonTOR
10.8.0.6,60778,74.125.226.185,80,6,8028222,0,0.3736817442,4014111,5623331.73120989,7990407,37815,4014111,5623331.73120989,7990407,37815,0,0,0,0,0,0,0,0,0,0,0,0,nonTOR
10.8.0.6,49663,74.125.226.164,443,6,25825,0,77.4443368829,25825,0,25825,25825,0,0,0,0,0,0,0,0,0,0,0,0,0,0,0,0,nonTOR
10.8.0.6,47987,173.194.207.188,5228,6,38900,0,51.4138817481,38900,0,38900,38900,0,0,0,0,0,0,0,0,0,0,0,0,0,0,0,0,nonTOR
10.8.0.6,35990,199.16.156.201,443,6,73942,0,27.0482269887,73942,0,73942,73942,0,0,0,0,0,0,0,0,0,0,0,0,0,0,0,0,nonTOR
